movement_id,subject_id,record_id,start_time,end_time,duration,dataset,candidate_id,sensor_id,artifact_filtered,filter_method,artifact_probability
COUGH_mv000001,5,Trial_1_No_Talking,9.611,17.023,7.411999999999999,COUGH,COUGH_Trial_1_No_Talking_IMU_seg0001_c0001,IMU,False,unfiltered,
COUGH_mv000002,5,Trial_1_No_Talking,22.701,23.147,0.4459999999999979,COUGH,COUGH_Trial_1_No_Talking_IMU_seg0001_c0002,IMU,False,unfiltered,
COUGH_mv000003,5,Trial_1_No_Talking,24.546,25.824,1.2780000000000022,COUGH,COUGH_Trial_1_No_Talking_IMU_seg0001_c0003,IMU,False,unfiltered,
COUGH_mv000004,5,Trial_1_No_Talking,31.501,31.866,0.3649999999999984,COUGH,COUGH_Trial_1_No_Talking_IMU_seg0001_c0004,IMU,False,unfiltered,
COUGH_mv000005,5,Trial_1_No_Talking,39.167,39.978,0.8109999999999999,COUGH,COUGH_Trial_1_No_Talking_IMU_seg0001_c0005,IMU,False,unfiltered,
COUGH_mv000006,5,Trial_1_No_Talking,42.026,48.951,6.924999999999997,COUGH,COUGH_Trial_1_No_Talking_IMU_seg0001_c0006,IMU,False,unfiltered,
COUGH_mv000007,5,Trial_1_No_Talking,50.127,50.705,0.5779999999999959,COUGH,COUGH_Trial_1_No_Talking_IMU_seg0001_c0007,IMU,False,unfiltered,
COUGH_mv000008,5,Trial_1_No_Talking,52.246,55.835,3.588999999999998,COUGH,COUGH_Trial_1_No_Talking_IMU_seg0001_c0008,IMU,False,unfiltered,
COUGH_mv000009,5,Trial_1_No_Talking,56.82,57.498,0.6779999999999973,COUGH,COUGH_Trial_1_No_Talking_IMU_seg0001_c0009,IMU,False,unfiltered,
COUGH_mv000010,5,Trial_1_No_Talking,61.016,61.352,0.3359999999999985,COUGH,COUGH_Trial_1_No_Talking_IMU_seg0001_c0010,IMU,False,unfiltered,
COUGH_mv000011,5,Trial_1_No_Talking,82.462,82.958,0.4959999999999951,COUGH,COUGH_Trial_1_No_Talking_IMU_seg0001_c0011,IMU,False,unfiltered,
COUGH_mv000012,5,Trial_1_No_Talking,107.272,111.732,4.459999999999994,COUGH,COUGH_Trial_1_No_Talking_IMU_seg0001_c0012,IMU,False,unfiltered,
COUGH_mv000013,5,Trial_1_No_Talking,126.161,126.779,0.617999999999995,COUGH,COUGH_Trial_1_No_Talking_IMU_seg0001_c0013,IMU,False,unfiltered,
COUGH_mv000014,5,Trial_1_No_Talking,128.067,138.835,10.768,COUGH,COUGH_Trial_1_No_Talking_IMU_seg0001_c0014,IMU,False,unfiltered,
COUGH_mv000015,5,Trial_1_No_Talking,259.529,260.736,1.2069999999999936,COUGH,COUGH_Trial_1_No_Talking_IMU_seg0002_c0001,IMU,False,unfiltered,
COUGH_mv000016,5,Trial_1_No_Talking,261.892,262.784,0.8919999999999959,COUGH,COUGH_Trial_1_No_Talking_IMU_seg0002_c0002,IMU,False,unfiltered,
COUGH_mv000017,5,Trial_1_No_Talking,271.97,272.518,0.547999999999945,COUGH,COUGH_Trial_1_No_Talking_IMU_seg0002_c0003,IMU,False,unfiltered,
COUGH_mv000018,5,Trial_1_No_Talking,276.968,279.452,2.4839999999999804,COUGH,COUGH_Trial_1_No_Talking_IMU_seg0002_c0004,IMU,False,unfiltered,
COUGH_mv000019,5,Trial_1_No_Talking,280.091,281.591,1.5,COUGH,COUGH_Trial_1_No_Talking_IMU_seg0002_c0005,IMU,False,unfiltered,
COUGH_mv000020,5,Trial_1_No_Talking,282.433,283.396,0.9630000000000224,COUGH,COUGH_Trial_1_No_Talking_IMU_seg0002_c0006,IMU,False,unfiltered,
COUGH_mv000021,5,Trial_1_No_Talking,285.707,287.116,1.4089999999999918,COUGH,COUGH_Trial_1_No_Talking_IMU_seg0002_c0007,IMU,False,unfiltered,
COUGH_mv000022,5,Trial_1_No_Talking,305.985,306.42,0.4350000000000023,COUGH,COUGH_Trial_1_No_Talking_IMU_seg0002_c0008,IMU,False,unfiltered,
COUGH_mv000023,5,Trial_1_No_Talking,14762.583,14766.202,3.6189999999987776,COUGH,COUGH_Trial_1_No_Talking_IMU_seg0003_c0001,IMU,False,unfiltered,
COUGH_mv000024,5,Trial_1_No_Talking,14973.481,14974.15,0.668999999999869,COUGH,COUGH_Trial_1_No_Talking_IMU_seg0003_c0002,IMU,False,unfiltered,
COUGH_mv000025,5,Trial_1_No_Talking,14992.521,14993.169,0.6479999999992287,COUGH,COUGH_Trial_1_No_Talking_IMU_seg0003_c0003,IMU,False,unfiltered,
COUGH_mv000026,5,Trial_1_No_Talking,15086.246,15086.722,0.4760000000005675,COUGH,COUGH_Trial_1_No_Talking_IMU_seg0003_c0004,IMU,False,unfiltered,
COUGH_mv000027,5,Trial_1_No_Talking,15087.705,15088.141,0.4359999999996944,COUGH,COUGH_Trial_1_No_Talking_IMU_seg0003_c0005,IMU,False,unfiltered,
COUGH_mv000028,5,Trial_1_No_Talking,15089.54,15235.146,145.60599999999977,COUGH,COUGH_Trial_1_No_Talking_IMU_seg0003_c0006,IMU,False,unfiltered,
COUGH_mv000029,5,Trial_1_No_Talking,15386.41,15386.826,0.4159999999992578,COUGH,COUGH_Trial_1_No_Talking_IMU_seg0003_c0007,IMU,False,unfiltered,
COUGH_mv000030,6,Trial_1_No_Talking,10.686,13.85,3.164,COUGH,COUGH_Trial_1_No_Talking_IMU_seg0004_c0001,IMU,False,unfiltered,
COUGH_mv000031,6,Trial_1_No_Talking,330.14,478.523,148.38300000000004,COUGH,COUGH_Trial_1_No_Talking_IMU_seg0004_c0002,IMU,False,unfiltered,
COUGH_mv000032,7,Trial_1_No_Talking,43.711,48.293,4.582000000000001,COUGH,COUGH_Trial_1_No_Talking_IMU_seg0005_c0001,IMU,False,unfiltered,
COUGH_mv000033,7,Trial_1_No_Talking,234.441,234.969,0.5279999999999916,COUGH,COUGH_Trial_1_No_Talking_IMU_seg0005_c0002,IMU,False,unfiltered,
COUGH_mv000034,7,Trial_1_No_Talking,240.778,241.437,0.6590000000000202,COUGH,COUGH_Trial_1_No_Talking_IMU_seg0005_c0003,IMU,False,unfiltered,
COUGH_mv000035,7,Trial_1_No_Talking,245.228,245.797,0.5689999999999884,COUGH,COUGH_Trial_1_No_Talking_IMU_seg0005_c0004,IMU,False,unfiltered,
COUGH_mv000036,7,Trial_1_No_Talking,248.413,249.082,0.6689999999999827,COUGH,COUGH_Trial_1_No_Talking_IMU_seg0005_c0005,IMU,False,unfiltered,
COUGH_mv000037,7,Trial_1_No_Talking,307.414,307.779,0.3650000000000091,COUGH,COUGH_Trial_1_No_Talking_IMU_seg0005_c0006,IMU,False,unfiltered,
COUGH_mv000038,7,Trial_1_No_Talking,310.01,310.648,0.6380000000000337,COUGH,COUGH_Trial_1_No_Talking_IMU_seg0005_c0007,IMU,False,unfiltered,
COUGH_mv000039,7,Trial_1_No_Talking,352.594,353.092,0.4979999999999904,COUGH,COUGH_Trial_1_No_Talking_IMU_seg0005_c0008,IMU,False,unfiltered,
COUGH_mv000040,7,Trial_1_No_Talking,353.801,354.287,0.48599999999999,COUGH,COUGH_Trial_1_No_Talking_IMU_seg0005_c0009,IMU,False,unfiltered,
COUGH_mv000041,7,Trial_1_No_Talking,356.498,499.099,142.601,COUGH,COUGH_Trial_1_No_Talking_IMU_seg0005_c0010,IMU,False,unfiltered,
COUGH_mv000042,7,Trial_1_No_Talking,652.538,653.076,0.5380000000000109,COUGH,COUGH_Trial_1_No_Talking_IMU_seg0005_c0011,IMU,False,unfiltered,
COUGH_mv000043,8,Trial_1_No_Talking,18.242,21.74,3.4979999999999976,COUGH,COUGH_Trial_1_No_Talking_IMU_seg0006_c0001,IMU,False,unfiltered,
COUGH_mv000044,8,Trial_1_No_Talking,343.397,482.361,138.964,COUGH,COUGH_Trial_1_No_Talking_IMU_seg0006_c0002,IMU,False,unfiltered,
COUGH_mv000045,8,Trial_1_No_Talking,623.527,623.84,0.3129999999999882,COUGH,COUGH_Trial_1_No_Talking_IMU_seg0006_c0003,IMU,False,unfiltered,
COUGH_mv000046,9,Trial_1_No_Talking,8.901,12.307,3.4060000000000006,COUGH,COUGH_Trial_1_No_Talking_IMU_seg0007_c0001,IMU,False,unfiltered,
COUGH_mv000047,9,Trial_1_No_Talking,13.15,14.184,1.033999999999999,COUGH,COUGH_Trial_1_No_Talking_IMU_seg0007_c0002,IMU,False,unfiltered,
COUGH_mv000048,9,Trial_1_No_Talking,167.65,168.107,0.4569999999999936,COUGH,COUGH_Trial_1_No_Talking_IMU_seg0007_c0003,IMU,False,unfiltered,
COUGH_mv000049,9,Trial_1_No_Talking,169.079,169.495,0.4159999999999968,COUGH,COUGH_Trial_1_No_Talking_IMU_seg0007_c0004,IMU,False,unfiltered,
COUGH_mv000050,9,Trial_1_No_Talking,324.092,324.71,0.617999999999995,COUGH,COUGH_Trial_1_No_Talking_IMU_seg0007_c0005,IMU,False,unfiltered,
COUGH_mv000051,9,Trial_1_No_Talking,329.607,481.733,152.12599999999998,COUGH,COUGH_Trial_1_No_Talking_IMU_seg0007_c0006,IMU,False,unfiltered,
COUGH_mv000052,9,Trial_1_No_Talking,483.506,484.236,0.7300000000000182,COUGH,COUGH_Trial_1_No_Talking_IMU_seg0007_c0007,IMU,False,unfiltered,
COUGH_mv000053,9,Trial_1_No_Talking,485.575,486.304,0.728999999999985,COUGH,COUGH_Trial_1_No_Talking_IMU_seg0007_c0008,IMU,False,unfiltered,
COUGH_mv000054,9,Trial_1_No_Talking,489.58,490.27,0.6899999999999977,COUGH,COUGH_Trial_1_No_Talking_IMU_seg0007_c0009,IMU,False,unfiltered,
COUGH_mv000055,9,Trial_1_No_Talking,492.835,493.525,0.6899999999999977,COUGH,COUGH_Trial_1_No_Talking_IMU_seg0007_c0010,IMU,False,unfiltered,
COUGH_mv000056,9,Trial_1_No_Talking,496.749,497.427,0.6779999999999973,COUGH,COUGH_Trial_1_No_Talking_IMU_seg0007_c0011,IMU,False,unfiltered,
COUGH_mv000057,9,Trial_1_No_Talking,508.661,509.209,0.5480000000000018,COUGH,COUGH_Trial_1_No_Talking_IMU_seg0007_c0012,IMU,False,unfiltered,
COUGH_mv000058,9,Trial_1_No_Talking,514.948,515.597,0.6490000000000009,COUGH,COUGH_Trial_1_No_Talking_IMU_seg0007_c0013,IMU,False,unfiltered,
COUGH_mv000059,9,Trial_1_No_Talking,529.193,529.7,0.5070000000000618,COUGH,COUGH_Trial_1_No_Talking_IMU_seg0007_c0014,IMU,False,unfiltered,
COUGH_mv000060,9,Trial_1_No_Talking,624.855,625.98,1.125,COUGH,COUGH_Trial_1_No_Talking_IMU_seg0007_c0015,IMU,False,unfiltered,
COUGH_mv000061,9,Trial_1_No_Talking,626.608,626.954,0.3460000000000036,COUGH,COUGH_Trial_1_No_Talking_IMU_seg0007_c0016,IMU,False,unfiltered,
COUGH_mv000062,10,Trial_1_No_Talking,13.434,17.418,3.984,COUGH,COUGH_Trial_1_No_Talking_IMU_seg0008_c0001,IMU,False,unfiltered,
COUGH_mv000063,10,Trial_1_No_Talking,325.687,469.324,143.637,COUGH,COUGH_Trial_1_No_Talking_IMU_seg0008_c0002,IMU,False,unfiltered,
COUGH_mv000064,10,Trial_1_No_Talking,561.719,562.032,0.3129999999999882,COUGH,COUGH_Trial_1_No_Talking_IMU_seg0008_c0003,IMU,False,unfiltered,
COUGH_mv000065,11,Trial_1_No_Talking,11.64,12.795,1.1549999999999994,COUGH,COUGH_Trial_1_No_Talking_IMU_seg0009_c0001,IMU,False,unfiltered,
COUGH_mv000066,11,Trial_1_No_Talking,13.454,14.6,1.145999999999999,COUGH,COUGH_Trial_1_No_Talking_IMU_seg0009_c0002,IMU,False,unfiltered,
COUGH_mv000067,11,Trial_1_No_Talking,15.158,16.345,1.1869999999999994,COUGH,COUGH_Trial_1_No_Talking_IMU_seg0009_c0003,IMU,False,unfiltered,
COUGH_mv000068,11,Trial_1_No_Talking,338.347,475.664,137.317,COUGH,COUGH_Trial_1_No_Talking_IMU_seg0009_c0004,IMU,False,unfiltered,
COUGH_mv000069,11,Trial_1_No_Talking,477.164,477.479,0.3149999999999977,COUGH,COUGH_Trial_1_No_Talking_IMU_seg0009_c0005,IMU,False,unfiltered,
COUGH_mv000070,11,Trial_1_No_Talking,478.188,478.736,0.5480000000000018,COUGH,COUGH_Trial_1_No_Talking_IMU_seg0009_c0006,IMU,False,unfiltered,
COUGH_mv000071,11,Trial_1_No_Talking,479.263,479.588,0.3250000000000455,COUGH,COUGH_Trial_1_No_Talking_IMU_seg0009_c0007,IMU,False,unfiltered,
COUGH_mv000072,11,Trial_1_No_Talking,623.708,624.378,0.6700000000000728,COUGH,COUGH_Trial_1_No_Talking_IMU_seg0009_c0008,IMU,False,unfiltered,
COUGH_mv000073,12,Trial_1_No_Talking,727.115,731.029,3.9139999999999873,COUGH,COUGH_Trial_1_No_Talking_IMU_seg0011_c0001,IMU,False,unfiltered,
COUGH_mv000074,12,Trial_1_No_Talking,1023.642,1166.703,143.06099999999992,COUGH,COUGH_Trial_1_No_Talking_IMU_seg0011_c0002,IMU,False,unfiltered,
COUGH_mv000075,13,Trial_1_No_Talking,10.535,12.795,2.26,COUGH,COUGH_Trial_1_No_Talking_IMU_seg0012_c0001,IMU,False,unfiltered,
COUGH_mv000076,13,Trial_1_No_Talking,315.64,460.387,144.747,COUGH,COUGH_Trial_1_No_Talking_IMU_seg0012_c0002,IMU,False,unfiltered,
COUGH_mv000077,14,Trial_1_No_Talking,0.538,8.618,8.08,COUGH,COUGH_Trial_1_No_Talking_IMU_seg0013_c0001,IMU,False,unfiltered,
COUGH_mv000078,14,Trial_1_No_Talking,9.359,10.099,0.7400000000000002,COUGH,COUGH_Trial_1_No_Talking_IMU_seg0013_c0002,IMU,False,unfiltered,
COUGH_mv000079,14,Trial_1_No_Talking,12.046,22.213,10.167000000000002,COUGH,COUGH_Trial_1_No_Talking_IMU_seg0013_c0003,IMU,False,unfiltered,
COUGH_mv000080,14,Trial_1_No_Talking,24.91,29.057,4.146999999999999,COUGH,COUGH_Trial_1_No_Talking_IMU_seg0013_c0004,IMU,False,unfiltered,
COUGH_mv000081,14,Trial_1_No_Talking,33.488,33.842,0.3539999999999992,COUGH,COUGH_Trial_1_No_Talking_IMU_seg0013_c0005,IMU,False,unfiltered,
COUGH_mv000082,14,Trial_1_No_Talking,53.268,56.492,3.2239999999999966,COUGH,COUGH_Trial_1_No_Talking_IMU_seg0013_c0006,IMU,False,unfiltered,
COUGH_mv000083,14,Trial_1_No_Talking,67.817,70.796,2.9790000000000134,COUGH,COUGH_Trial_1_No_Talking_IMU_seg0013_c0007,IMU,False,unfiltered,
COUGH_mv000084,14,Trial_1_No_Talking,75.044,75.46,0.4159999999999968,COUGH,COUGH_Trial_1_No_Talking_IMU_seg0013_c0008,IMU,False,unfiltered,
COUGH_mv000085,14,Trial_1_No_Talking,95.707,96.031,0.3240000000000123,COUGH,COUGH_Trial_1_No_Talking_IMU_seg0013_c0009,IMU,False,unfiltered,
COUGH_mv000086,14,Trial_1_No_Talking,96.995,98.526,1.5309999999999917,COUGH,COUGH_Trial_1_No_Talking_IMU_seg0013_c0010,IMU,False,unfiltered,
COUGH_mv000087,14,Trial_1_No_Talking,102.56,104.0,1.4399999999999975,COUGH,COUGH_Trial_1_No_Talking_IMU_seg0013_c0011,IMU,False,unfiltered,
COUGH_mv000088,14,Trial_1_No_Talking,105.065,106.352,1.287000000000006,COUGH,COUGH_Trial_1_No_Talking_IMU_seg0013_c0012,IMU,False,unfiltered,
COUGH_mv000089,14,Trial_1_No_Talking,116.824,117.22,0.3960000000000008,COUGH,COUGH_Trial_1_No_Talking_IMU_seg0013_c0013,IMU,False,unfiltered,
COUGH_mv000090,14,Trial_1_No_Talking,332.867,333.375,0.5079999999999814,COUGH,COUGH_Trial_1_No_Talking_IMU_seg0014_c0001,IMU,False,unfiltered,
COUGH_mv000091,14,Trial_1_No_Talking,334.399,335.412,1.0129999999999768,COUGH,COUGH_Trial_1_No_Talking_IMU_seg0014_c0002,IMU,False,unfiltered,
COUGH_mv000092,14,Trial_1_No_Talking,337.096,339.974,2.877999999999986,COUGH,COUGH_Trial_1_No_Talking_IMU_seg0014_c0003,IMU,False,unfiltered,
COUGH_mv000093,14,Trial_1_No_Talking,340.744,341.414,0.6699999999999591,COUGH,COUGH_Trial_1_No_Talking_IMU_seg0014_c0004,IMU,False,unfiltered,
COUGH_mv000094,14,Trial_1_No_Talking,342.368,342.885,0.5169999999999959,COUGH,COUGH_Trial_1_No_Talking_IMU_seg0014_c0005,IMU,False,unfiltered,
COUGH_mv000095,14,Trial_1_No_Talking,343.583,352.911,9.327999999999976,COUGH,COUGH_Trial_1_No_Talking_IMU_seg0014_c0006,IMU,False,unfiltered,
COUGH_mv000096,14,Trial_1_No_Talking,353.651,356.349,2.697999999999979,COUGH,COUGH_Trial_1_No_Talking_IMU_seg0014_c0007,IMU,False,unfiltered,
COUGH_mv000097,14,Trial_1_No_Talking,357.291,359.259,1.9680000000000173,COUGH,COUGH_Trial_1_No_Talking_IMU_seg0014_c0008,IMU,False,unfiltered,
COUGH_mv000098,14,Trial_1_No_Talking,359.988,363.476,3.4879999999999995,COUGH,COUGH_Trial_1_No_Talking_IMU_seg0014_c0009,IMU,False,unfiltered,
COUGH_mv000099,14,Trial_1_No_Talking,364.156,374.285,10.12900000000002,COUGH,COUGH_Trial_1_No_Talking_IMU_seg0014_c0010,IMU,False,unfiltered,
COUGH_mv000100,14,Trial_1_No_Talking,374.963,410.267,35.303999999999974,COUGH,COUGH_Trial_1_No_Talking_IMU_seg0014_c0011,IMU,False,unfiltered,
COUGH_mv000101,14,Trial_1_No_Talking,411.242,412.235,0.992999999999995,COUGH,COUGH_Trial_1_No_Talking_IMU_seg0014_c0012,IMU,False,unfiltered,
COUGH_mv000102,14,Trial_1_No_Talking,413.188,416.412,3.223999999999989,COUGH,COUGH_Trial_1_No_Talking_IMU_seg0014_c0013,IMU,False,unfiltered,
COUGH_mv000103,14,Trial_1_No_Talking,417.121,418.399,1.27800000000002,COUGH,COUGH_Trial_1_No_Talking_IMU_seg0014_c0014,IMU,False,unfiltered,
COUGH_mv000104,14,Trial_1_No_Talking,419.089,423.073,3.983999999999981,COUGH,COUGH_Trial_1_No_Talking_IMU_seg0014_c0015,IMU,False,unfiltered,
COUGH_mv000105,14,Trial_1_No_Talking,423.803,425.325,1.5219999999999914,COUGH,COUGH_Trial_1_No_Talking_IMU_seg0014_c0016,IMU,False,unfiltered,
COUGH_mv000106,14,Trial_1_No_Talking,426.013,434.855,8.842000000000041,COUGH,COUGH_Trial_1_No_Talking_IMU_seg0014_c0017,IMU,False,unfiltered,
COUGH_mv000107,14,Trial_1_No_Talking,435.595,442.286,6.690999999999974,COUGH,COUGH_Trial_1_No_Talking_IMU_seg0014_c0018,IMU,False,unfiltered,
COUGH_mv000108,14,Trial_1_No_Talking,442.844,458.489,15.644999999999982,COUGH,COUGH_Trial_1_No_Talking_IMU_seg0014_c0019,IMU,False,unfiltered,
COUGH_mv000109,14,Trial_1_No_Talking,459.432,463.345,3.913000000000011,COUGH,COUGH_Trial_1_No_Talking_IMU_seg0014_c0020,IMU,False,unfiltered,
COUGH_mv000110,14,Trial_1_No_Talking,1625.247,1626.747,1.5,COUGH,COUGH_Trial_1_No_Talking_IMU_seg0015_c0001,IMU,False,unfiltered,
COUGH_mv000111,14,Trial_1_No_Talking,1627.356,1630.834,3.478000000000065,COUGH,COUGH_Trial_1_No_Talking_IMU_seg0015_c0002,IMU,False,unfiltered,
COUGH_mv000112,14,Trial_1_No_Talking,1943.518,1944.115,0.59699999999998,COUGH,COUGH_Trial_1_No_Talking_IMU_seg0015_c0003,IMU,False,unfiltered,
COUGH_mv000113,14,Trial_1_No_Talking,1944.653,1969.778,25.125,COUGH,COUGH_Trial_1_No_Talking_IMU_seg0015_c0004,IMU,False,unfiltered,
COUGH_mv000114,14,Trial_1_No_Talking,1970.357,2083.5,113.14300000000004,COUGH,COUGH_Trial_1_No_Talking_IMU_seg0015_c0005,IMU,False,unfiltered,
COUGH_mv000115,15,Trial_1_No_Talking,15.868,20.177,4.308999999999999,COUGH,COUGH_Trial_1_No_Talking_IMU_seg0016_c0001,IMU,False,unfiltered,
COUGH_mv000116,15,Trial_1_No_Talking,24.749,25.054,0.3049999999999997,COUGH,COUGH_Trial_1_No_Talking_IMU_seg0016_c0002,IMU,False,unfiltered,
COUGH_mv000117,15,Trial_1_No_Talking,211.449,211.956,0.5069999999999766,COUGH,COUGH_Trial_1_No_Talking_IMU_seg0016_c0003,IMU,False,unfiltered,
COUGH_mv000118,15,Trial_1_No_Talking,295.168,295.988,0.8199999999999932,COUGH,COUGH_Trial_1_No_Talking_IMU_seg0016_c0004,IMU,False,unfiltered,
COUGH_mv000119,15,Trial_1_No_Talking,320.454,320.971,0.5169999999999959,COUGH,COUGH_Trial_1_No_Talking_IMU_seg0016_c0005,IMU,False,unfiltered,
COUGH_mv000120,15,Trial_1_No_Talking,323.283,462.249,138.966,COUGH,COUGH_Trial_1_No_Talking_IMU_seg0016_c0006,IMU,False,unfiltered,
COUGH_mv000121,15,Trial_1_No_Talking,599.656,600.072,0.4160000000000536,COUGH,COUGH_Trial_1_No_Talking_IMU_seg0016_c0007,IMU,False,unfiltered,
COUGH_mv000122,15,Trial_1_No_Talking,602.322,602.82,0.4980000000000473,COUGH,COUGH_Trial_1_No_Talking_IMU_seg0016_c0008,IMU,False,unfiltered,
COUGH_mv000123,16,Trial_1_No_Talking,726.172,730.016,3.843999999999937,COUGH,COUGH_Trial_1_No_Talking_IMU_seg0049_c0001,IMU,False,unfiltered,
COUGH_mv000124,16,Trial_1_No_Talking,1032.212,1032.83,0.6179999999999382,COUGH,COUGH_Trial_1_No_Talking_IMU_seg0049_c0002,IMU,False,unfiltered,
COUGH_mv000125,16,Trial_1_No_Talking,1034.717,1035.699,0.9819999999999708,COUGH,COUGH_Trial_1_No_Talking_IMU_seg0049_c0003,IMU,False,unfiltered,
COUGH_mv000126,16,Trial_1_No_Talking,1036.602,1152.19,115.58799999999997,COUGH,COUGH_Trial_1_No_Talking_IMU_seg0049_c0004,IMU,False,unfiltered,
COUGH_mv000127,16,Trial_1_No_Talking,1152.727,1174.515,21.78800000000001,COUGH,COUGH_Trial_1_No_Talking_IMU_seg0049_c0005,IMU,False,unfiltered,
COUGH_mv000128,16,Trial_1_No_Talking,1175.317,1176.229,0.9120000000000346,COUGH,COUGH_Trial_1_No_Talking_IMU_seg0049_c0006,IMU,False,unfiltered,
COUGH_mv000129,16,Trial_1_No_Talking,1177.111,1179.049,1.9379999999998745,COUGH,COUGH_Trial_1_No_Talking_IMU_seg0049_c0007,IMU,False,unfiltered,
COUGH_mv000130,17,Trial_1_No_Talking,9.2,10.2,1.0,COUGH,COUGH_Trial_1_No_Talking_IMU_seg0050_c0001,IMU,False,unfiltered,
COUGH_mv000131,17,Trial_1_No_Talking,11.16,12.43,1.2699999999999996,COUGH,COUGH_Trial_1_No_Talking_IMU_seg0050_c0002,IMU,False,unfiltered,
COUGH_mv000132,17,Trial_1_No_Talking,13.06,14.49,1.4299999999999995,COUGH,COUGH_Trial_1_No_Talking_IMU_seg0050_c0003,IMU,False,unfiltered,
COUGH_mv000133,17,Trial_1_No_Talking,321.71,469.18,147.47000000000003,COUGH,COUGH_Trial_1_No_Talking_IMU_seg0050_c0004,IMU,False,unfiltered,
COUGH_mv000134,17,Trial_1_No_Talking,614.69,615.46,0.7699999999999818,COUGH,COUGH_Trial_1_No_Talking_IMU_seg0050_c0005,IMU,False,unfiltered,
COUGH_mv000135,5,Trial_2_Talking,10.575,15.068,4.493,COUGH,COUGH_Trial_2_Talking_IMU_seg0001_c0001,IMU,False,unfiltered,
COUGH_mv000136,5,Trial_2_Talking,56.261,57.113,0.8519999999999968,COUGH,COUGH_Trial_2_Talking_IMU_seg0001_c0002,IMU,False,unfiltered,
COUGH_mv000137,5,Trial_2_Talking,80.129,80.848,0.7189999999999941,COUGH,COUGH_Trial_2_Talking_IMU_seg0001_c0003,IMU,False,unfiltered,
COUGH_mv000138,5,Trial_2_Talking,338.264,339.977,1.7129999999999654,COUGH,COUGH_Trial_2_Talking_IMU_seg0001_c0004,IMU,False,unfiltered,
COUGH_mv000139,5,Trial_2_Talking,340.606,476.457,135.851,COUGH,COUGH_Trial_2_Talking_IMU_seg0001_c0005,IMU,False,unfiltered,
COUGH_mv000140,5,Trial_2_Talking,511.01,512.612,1.6019999999999754,COUGH,COUGH_Trial_2_Talking_IMU_seg0001_c0006,IMU,False,unfiltered,
COUGH_mv000141,5,Trial_2_Talking,519.324,519.78,0.4560000000000173,COUGH,COUGH_Trial_2_Talking_IMU_seg0001_c0007,IMU,False,unfiltered,
COUGH_mv000142,5,Trial_2_Talking,562.597,563.266,0.6689999999999827,COUGH,COUGH_Trial_2_Talking_IMU_seg0001_c0008,IMU,False,unfiltered,
COUGH_mv000143,5,Trial_2_Talking,626.927,627.556,0.6290000000000191,COUGH,COUGH_Trial_2_Talking_IMU_seg0001_c0009,IMU,False,unfiltered,
COUGH_mv000144,5,Trial_2_Talking,628.114,628.429,0.3149999999999409,COUGH,COUGH_Trial_2_Talking_IMU_seg0001_c0010,IMU,False,unfiltered,
COUGH_mv000145,5,Trial_2_Talking,640.717,641.121,0.4039999999999963,COUGH,COUGH_Trial_2_Talking_IMU_seg0001_c0011,IMU,False,unfiltered,
COUGH_mv000146,5,Trial_2_Talking,666.51,666.916,0.4060000000000627,COUGH,COUGH_Trial_2_Talking_IMU_seg0001_c0012,IMU,False,unfiltered,
COUGH_mv000147,5,Trial_2_Talking,686.828,687.163,0.3350000000000364,COUGH,COUGH_Trial_2_Talking_IMU_seg0001_c0013,IMU,False,unfiltered,
COUGH_mv000148,6,Trial_2_Talking,40.913,43.966,3.0530000000000044,COUGH,COUGH_Trial_2_Talking_IMU_seg0002_c0001,IMU,False,unfiltered,
COUGH_mv000149,6,Trial_2_Talking,358.478,512.886,154.40799999999996,COUGH,COUGH_Trial_2_Talking_IMU_seg0002_c0002,IMU,False,unfiltered,
COUGH_mv000150,7,Trial_2_Talking,8.953,11.965,3.0120000000000005,COUGH,COUGH_Trial_2_Talking_IMU_seg0003_c0001,IMU,False,unfiltered,
COUGH_mv000151,7,Trial_2_Talking,12.542,13.809,1.2669999999999997,COUGH,COUGH_Trial_2_Talking_IMU_seg0003_c0002,IMU,False,unfiltered,
COUGH_mv000152,7,Trial_2_Talking,325.727,326.193,0.4660000000000082,COUGH,COUGH_Trial_2_Talking_IMU_seg0003_c0003,IMU,False,unfiltered,
COUGH_mv000153,7,Trial_2_Talking,326.78,327.338,0.5580000000000496,COUGH,COUGH_Trial_2_Talking_IMU_seg0003_c0004,IMU,False,unfiltered,
COUGH_mv000154,7,Trial_2_Talking,332.093,333.382,1.2889999999999873,COUGH,COUGH_Trial_2_Talking_IMU_seg0003_c0005,IMU,False,unfiltered,
COUGH_mv000155,7,Trial_2_Talking,333.919,464.483,130.56400000000002,COUGH,COUGH_Trial_2_Talking_IMU_seg0003_c0006,IMU,False,unfiltered,
COUGH_mv000156,7,Trial_2_Talking,465.082,465.548,0.4660000000000082,COUGH,COUGH_Trial_2_Talking_IMU_seg0003_c0007,IMU,False,unfiltered,
COUGH_mv000157,7,Trial_2_Talking,466.157,467.089,0.9320000000000164,COUGH,COUGH_Trial_2_Talking_IMU_seg0003_c0008,IMU,False,unfiltered,
COUGH_mv000158,7,Trial_2_Talking,467.627,470.933,3.305999999999983,COUGH,COUGH_Trial_2_Talking_IMU_seg0003_c0009,IMU,False,unfiltered,
COUGH_mv000159,7,Trial_2_Talking,617.191,617.729,0.5380000000000109,COUGH,COUGH_Trial_2_Talking_IMU_seg0003_c0010,IMU,False,unfiltered,
COUGH_mv000160,8,Trial_2_Talking,11.549,14.997,3.4480000000000004,COUGH,COUGH_Trial_2_Talking_IMU_seg0004_c0001,IMU,False,unfiltered,
COUGH_mv000161,8,Trial_2_Talking,334.37,470.029,135.659,COUGH,COUGH_Trial_2_Talking_IMU_seg0004_c0002,IMU,False,unfiltered,
COUGH_mv000162,9,Trial_2_Talking,0.02,1.115,1.095,COUGH,COUGH_Trial_2_Talking_IMU_seg0005_c0001,IMU,False,unfiltered,
COUGH_mv000163,9,Trial_2_Talking,20.096,24.507,4.411000000000001,COUGH,COUGH_Trial_2_Talking_IMU_seg0005_c0002,IMU,False,unfiltered,
COUGH_mv000164,9,Trial_2_Talking,26.048,34.687,8.639,COUGH,COUGH_Trial_2_Talking_IMU_seg0005_c0003,IMU,False,unfiltered,
COUGH_mv000165,9,Trial_2_Talking,35.336,47.574,12.238,COUGH,COUGH_Trial_2_Talking_IMU_seg0005_c0004,IMU,False,unfiltered,
COUGH_mv000166,9,Trial_2_Talking,48.395,49.358,0.962999999999994,COUGH,COUGH_Trial_2_Talking_IMU_seg0005_c0005,IMU,False,unfiltered,
COUGH_mv000167,9,Trial_2_Talking,50.27,50.758,0.4879999999999995,COUGH,COUGH_Trial_2_Talking_IMU_seg0005_c0006,IMU,False,unfiltered,
COUGH_mv000168,9,Trial_2_Talking,52.977,53.881,0.9040000000000036,COUGH,COUGH_Trial_2_Talking_IMU_seg0005_c0007,IMU,False,unfiltered,
COUGH_mv000169,9,Trial_2_Talking,57.206,58.727,1.5209999999999937,COUGH,COUGH_Trial_2_Talking_IMU_seg0005_c0008,IMU,False,unfiltered,
COUGH_mv000170,9,Trial_2_Talking,64.019,64.973,0.9539999999999936,COUGH,COUGH_Trial_2_Talking_IMU_seg0005_c0009,IMU,False,unfiltered,
COUGH_mv000171,9,Trial_2_Talking,80.516,81.124,0.6079999999999899,COUGH,COUGH_Trial_2_Talking_IMU_seg0005_c0010,IMU,False,unfiltered,
COUGH_mv000172,9,Trial_2_Talking,87.254,87.7,0.4459999999999979,COUGH,COUGH_Trial_2_Talking_IMU_seg0005_c0011,IMU,False,unfiltered,
COUGH_mv000173,9,Trial_2_Talking,89.312,89.627,0.3149999999999977,COUGH,COUGH_Trial_2_Talking_IMU_seg0005_c0012,IMU,False,unfiltered,
COUGH_mv000174,9,Trial_2_Talking,94.291,95.142,0.8509999999999991,COUGH,COUGH_Trial_2_Talking_IMU_seg0005_c0013,IMU,False,unfiltered,
COUGH_mv000175,9,Trial_2_Talking,102.686,103.172,0.48599999999999,COUGH,COUGH_Trial_2_Talking_IMU_seg0005_c0014,IMU,False,unfiltered,
COUGH_mv000176,9,Trial_2_Talking,104.439,105.698,1.2590000000000003,COUGH,COUGH_Trial_2_Talking_IMU_seg0005_c0015,IMU,False,unfiltered,
COUGH_mv000177,9,Trial_2_Talking,110.25,110.646,0.3960000000000008,COUGH,COUGH_Trial_2_Talking_IMU_seg0005_c0016,IMU,False,unfiltered,
COUGH_mv000178,9,Trial_2_Talking,113.261,113.808,0.5470000000000113,COUGH,COUGH_Trial_2_Talking_IMU_seg0005_c0017,IMU,False,unfiltered,
COUGH_mv000179,9,Trial_2_Talking,118.169,118.808,0.63900000000001,COUGH,COUGH_Trial_2_Talking_IMU_seg0005_c0018,IMU,False,unfiltered,
COUGH_mv000180,9,Trial_2_Talking,121.241,122.335,1.093999999999994,COUGH,COUGH_Trial_2_Talking_IMU_seg0005_c0019,IMU,False,unfiltered,
COUGH_mv000181,9,Trial_2_Talking,123.238,123.765,0.527000000000001,COUGH,COUGH_Trial_2_Talking_IMU_seg0005_c0020,IMU,False,unfiltered,
COUGH_mv000182,9,Trial_2_Talking,139.968,140.851,0.8830000000000098,COUGH,COUGH_Trial_2_Talking_IMU_seg0005_c0021,IMU,False,unfiltered,
COUGH_mv000183,9,Trial_2_Talking,147.451,147.948,0.4970000000000141,COUGH,COUGH_Trial_2_Talking_IMU_seg0005_c0022,IMU,False,unfiltered,
COUGH_mv000184,9,Trial_2_Talking,155.512,156.516,1.003999999999991,COUGH,COUGH_Trial_2_Talking_IMU_seg0005_c0023,IMU,False,unfiltered,
COUGH_mv000185,9,Trial_2_Talking,559.787,562.869,3.0819999999999936,COUGH,COUGH_Trial_2_Talking_IMU_seg0006_c0001,IMU,False,unfiltered,
COUGH_mv000186,9,Trial_2_Talking,698.221,700.106,1.884999999999991,COUGH,COUGH_Trial_2_Talking_IMU_seg0006_c0002,IMU,False,unfiltered,
COUGH_mv000187,9,Trial_2_Talking,861.04,1001.835,140.79500000000007,COUGH,COUGH_Trial_2_Talking_IMU_seg0006_c0003,IMU,False,unfiltered,
COUGH_mv000188,9,Trial_2_Talking,1042.382,1043.102,0.7200000000000273,COUGH,COUGH_Trial_2_Talking_IMU_seg0006_c0004,IMU,False,unfiltered,
COUGH_mv000189,9,Trial_2_Talking,1141.2,1141.686,0.4859999999998763,COUGH,COUGH_Trial_2_Talking_IMU_seg0006_c0005,IMU,False,unfiltered,
COUGH_mv000190,10,Trial_2_Talking,11.994,15.877,3.883000000000001,COUGH,COUGH_Trial_2_Talking_IMU_seg0007_c0001,IMU,False,unfiltered,
COUGH_mv000191,10,Trial_2_Talking,326.663,327.221,0.5579999999999927,COUGH,COUGH_Trial_2_Talking_IMU_seg0007_c0002,IMU,False,unfiltered,
COUGH_mv000192,10,Trial_2_Talking,327.757,475.785,148.02800000000002,COUGH,COUGH_Trial_2_Talking_IMU_seg0007_c0003,IMU,False,unfiltered,
COUGH_mv000193,10,Trial_2_Talking,476.321,476.89,0.56899999999996,COUGH,COUGH_Trial_2_Talking_IMU_seg0007_c0004,IMU,False,unfiltered,
COUGH_mv000194,10,Trial_2_Talking,509.242,509.72,0.4780000000000086,COUGH,COUGH_Trial_2_Talking_IMU_seg0007_c0005,IMU,False,unfiltered,
COUGH_mv000195,10,Trial_2_Talking,632.257,632.642,0.3850000000001046,COUGH,COUGH_Trial_2_Talking_IMU_seg0007_c0006,IMU,False,unfiltered,
COUGH_mv000196,11,Trial_2_Talking,11.113,12.239,1.1260000000000012,COUGH,COUGH_Trial_2_Talking_IMU_seg0008_c0001,IMU,False,unfiltered,
COUGH_mv000197,11,Trial_2_Talking,12.917,14.054,1.1370000000000005,COUGH,COUGH_Trial_2_Talking_IMU_seg0008_c0002,IMU,False,unfiltered,
COUGH_mv000198,11,Trial_2_Talking,14.713,15.777,1.064,COUGH,COUGH_Trial_2_Talking_IMU_seg0008_c0003,IMU,False,unfiltered,
COUGH_mv000199,11,Trial_2_Talking,309.633,311.246,1.6129999999999995,COUGH,COUGH_Trial_2_Talking_IMU_seg0008_c0004,IMU,False,unfiltered,
COUGH_mv000200,11,Trial_2_Talking,312.057,313.365,1.3079999999999927,COUGH,COUGH_Trial_2_Talking_IMU_seg0008_c0005,IMU,False,unfiltered,
COUGH_mv000201,11,Trial_2_Talking,314.115,447.066,132.95099999999996,COUGH,COUGH_Trial_2_Talking_IMU_seg0008_c0006,IMU,False,unfiltered,
COUGH_mv000202,11,Trial_2_Talking,604.828,605.203,0.375,COUGH,COUGH_Trial_2_Talking_IMU_seg0008_c0007,IMU,False,unfiltered,
COUGH_mv000203,12,Trial_2_Talking,10.321,14.276,3.955,COUGH,COUGH_Trial_2_Talking_IMU_seg0009_c0001,IMU,False,unfiltered,
COUGH_mv000204,12,Trial_2_Talking,292.789,293.153,0.3640000000000327,COUGH,COUGH_Trial_2_Talking_IMU_seg0009_c0002,IMU,False,unfiltered,
COUGH_mv000205,12,Trial_2_Talking,302.817,438.104,135.28699999999998,COUGH,COUGH_Trial_2_Talking_IMU_seg0009_c0003,IMU,False,unfiltered,
COUGH_mv000206,12,Trial_2_Talking,470.893,471.583,0.6900000000000546,COUGH,COUGH_Trial_2_Talking_IMU_seg0009_c0004,IMU,False,unfiltered,
COUGH_mv000207,12,Trial_2_Talking,518.222,518.599,0.3770000000000664,COUGH,COUGH_Trial_2_Talking_IMU_seg0009_c0005,IMU,False,unfiltered,
COUGH_mv000208,12,Trial_2_Talking,570.794,571.433,0.63900000000001,COUGH,COUGH_Trial_2_Talking_IMU_seg0009_c0006,IMU,False,unfiltered,
COUGH_mv000209,12,Trial_2_Talking,574.15,574.576,0.4260000000000445,COUGH,COUGH_Trial_2_Talking_IMU_seg0009_c0007,IMU,False,unfiltered,
COUGH_mv000210,13,Trial_2_Talking,14.215,16.74,2.5249999999999986,COUGH,COUGH_Trial_2_Talking_IMU_seg0010_c0001,IMU,False,unfiltered,
COUGH_mv000211,13,Trial_2_Talking,308.327,448.504,140.17700000000002,COUGH,COUGH_Trial_2_Talking_IMU_seg0010_c0002,IMU,False,unfiltered,
COUGH_mv000212,14,Trial_2_Talking,26.312,30.966,4.654,COUGH,COUGH_Trial_2_Talking_IMU_seg0011_c0001,IMU,False,unfiltered,
COUGH_mv000213,14,Trial_2_Talking,373.354,509.515,136.161,COUGH,COUGH_Trial_2_Talking_IMU_seg0011_c0002,IMU,False,unfiltered,
COUGH_mv000214,14,Trial_2_Talking,646.702,646.997,0.2949999999999591,COUGH,COUGH_Trial_2_Talking_IMU_seg0011_c0003,IMU,False,unfiltered,
COUGH_mv000215,15,Trial_2_Talking,18.242,23.534,5.291999999999998,COUGH,COUGH_Trial_2_Talking_IMU_seg0012_c0001,IMU,False,unfiltered,
COUGH_mv000216,15,Trial_2_Talking,29.282,29.577,0.2950000000000017,COUGH,COUGH_Trial_2_Talking_IMU_seg0012_c0002,IMU,False,unfiltered,
COUGH_mv000217,15,Trial_2_Talking,319.958,462.669,142.71099999999996,COUGH,COUGH_Trial_2_Talking_IMU_seg0012_c0003,IMU,False,unfiltered,
COUGH_mv000218,15,Trial_2_Talking,477.798,478.68,0.882000000000005,COUGH,COUGH_Trial_2_Talking_IMU_seg0012_c0004,IMU,False,unfiltered,
COUGH_mv000219,15,Trial_2_Talking,485.887,486.596,0.7090000000000032,COUGH,COUGH_Trial_2_Talking_IMU_seg0012_c0005,IMU,False,unfiltered,
COUGH_mv000220,15,Trial_2_Talking,501.634,502.495,0.86099999999999,COUGH,COUGH_Trial_2_Talking_IMU_seg0012_c0006,IMU,False,unfiltered,
COUGH_mv000221,15,Trial_2_Talking,591.205,591.681,0.4759999999999991,COUGH,COUGH_Trial_2_Talking_IMU_seg0012_c0007,IMU,False,unfiltered,
COUGH_mv000222,16,Trial_2_Talking,12.665,16.538,3.873000000000001,COUGH,COUGH_Trial_2_Talking_IMU_seg0013_c0001,IMU,False,unfiltered,
COUGH_mv000223,16,Trial_2_Talking,171.391,171.776,0.3850000000000193,COUGH,COUGH_Trial_2_Talking_IMU_seg0013_c0002,IMU,False,unfiltered,
COUGH_mv000224,16,Trial_2_Talking,224.817,225.305,0.4879999999999995,COUGH,COUGH_Trial_2_Talking_IMU_seg0013_c0003,IMU,False,unfiltered,
COUGH_mv000225,16,Trial_2_Talking,275.101,275.587,0.48599999999999,COUGH,COUGH_Trial_2_Talking_IMU_seg0013_c0004,IMU,False,unfiltered,
COUGH_mv000226,16,Trial_2_Talking,319.816,320.272,0.4560000000000173,COUGH,COUGH_Trial_2_Talking_IMU_seg0013_c0005,IMU,False,unfiltered,
COUGH_mv000227,16,Trial_2_Talking,321.823,326.864,5.040999999999997,COUGH,COUGH_Trial_2_Talking_IMU_seg0013_c0006,IMU,False,unfiltered,
COUGH_mv000228,16,Trial_2_Talking,327.431,454.837,127.406,COUGH,COUGH_Trial_2_Talking_IMU_seg0013_c0007,IMU,False,unfiltered,
COUGH_mv000229,16,Trial_2_Talking,455.445,457.585,2.1399999999999864,COUGH,COUGH_Trial_2_Talking_IMU_seg0013_c0008,IMU,False,unfiltered,
COUGH_mv000230,16,Trial_2_Talking,503.873,505.039,1.1659999999999968,COUGH,COUGH_Trial_2_Talking_IMU_seg0013_c0009,IMU,False,unfiltered,
COUGH_mv000231,16,Trial_2_Talking,547.585,548.03,0.4449999999999363,COUGH,COUGH_Trial_2_Talking_IMU_seg0013_c0010,IMU,False,unfiltered,
COUGH_mv000232,16,Trial_2_Talking,574.901,575.388,0.48700000000008,COUGH,COUGH_Trial_2_Talking_IMU_seg0013_c0011,IMU,False,unfiltered,
COUGH_mv000233,17,Trial_2_Talking,8.47,9.85,1.379999999999999,COUGH,COUGH_Trial_2_Talking_IMU_seg0014_c0001,IMU,False,unfiltered,
COUGH_mv000234,17,Trial_2_Talking,10.61,11.88,1.2700000000000014,COUGH,COUGH_Trial_2_Talking_IMU_seg0014_c0002,IMU,False,unfiltered,
COUGH_mv000235,17,Trial_2_Talking,12.52,13.86,1.34,COUGH,COUGH_Trial_2_Talking_IMU_seg0014_c0003,IMU,False,unfiltered,
COUGH_mv000236,17,Trial_2_Talking,20.59,21.0,0.4100000000000001,COUGH,COUGH_Trial_2_Talking_IMU_seg0016_c0001,IMU,False,unfiltered,
COUGH_mv000237,17,Trial_2_Talking,401.75,402.19,0.4399999999999977,COUGH,COUGH_Trial_2_Talking_IMU_seg0017_c0001,IMU,False,unfiltered,
COUGH_mv000238,17,Trial_2_Talking,403.3,537.13,133.82999999999998,COUGH,COUGH_Trial_2_Talking_IMU_seg0017_c0002,IMU,False,unfiltered,
COUGH_mv000239,17,Trial_2_Talking,540.16,540.7,0.5400000000000773,COUGH,COUGH_Trial_2_Talking_IMU_seg0017_c0003,IMU,False,unfiltered,
COUGH_mv000240,17,Trial_2_Talking,552.43,558.41,5.980000000000018,COUGH,COUGH_Trial_2_Talking_IMU_seg0018_c0001,IMU,False,unfiltered,
COUGH_mv000241,17,Trial_2_Talking,558.96,559.68,0.7199999999999136,COUGH,COUGH_Trial_2_Talking_IMU_seg0018_c0002,IMU,False,unfiltered,
COUGH_mv000242,17,Trial_2_Talking,560.23,581.37,21.139999999999983,COUGH,COUGH_Trial_2_Talking_IMU_seg0018_c0003,IMU,False,unfiltered,
COUGH_mv000243,17,Trial_2_Talking,581.92,596.62,14.700000000000044,COUGH,COUGH_Trial_2_Talking_IMU_seg0018_c0004,IMU,False,unfiltered,
COUGH_mv000244,17,Trial_2_Talking,597.18,609.27,12.090000000000032,COUGH,COUGH_Trial_2_Talking_IMU_seg0018_c0005,IMU,False,unfiltered,
COUGH_mv000245,17,Trial_2_Talking,609.8,611.14,1.3400000000000318,COUGH,COUGH_Trial_2_Talking_IMU_seg0018_c0006,IMU,False,unfiltered,
COUGH_mv000246,17,Trial_2_Talking,611.72,615.68,3.959999999999922,COUGH,COUGH_Trial_2_Talking_IMU_seg0018_c0007,IMU,False,unfiltered,
COUGH_mv000247,17,Trial_2_Talking,616.23,644.61,28.379999999999995,COUGH,COUGH_Trial_2_Talking_IMU_seg0018_c0008,IMU,False,unfiltered,
COUGH_mv000248,17,Trial_2_Talking,645.21,648.49,3.2799999999999727,COUGH,COUGH_Trial_2_Talking_IMU_seg0018_c0009,IMU,False,unfiltered,
COUGH_mv000249,17,Trial_2_Talking,649.03,657.39,8.360000000000014,COUGH,COUGH_Trial_2_Talking_IMU_seg0018_c0010,IMU,False,unfiltered,
COUGH_mv000250,17,Trial_2_Talking,657.94,660.54,2.599999999999909,COUGH,COUGH_Trial_2_Talking_IMU_seg0018_c0011,IMU,False,unfiltered,
COUGH_mv000251,17,Trial_2_Talking,661.16,664.58,3.4200000000000728,COUGH,COUGH_Trial_2_Talking_IMU_seg0018_c0012,IMU,False,unfiltered,
COUGH_mv000252,17,Trial_2_Talking,665.1,689.77,24.66999999999996,COUGH,COUGH_Trial_2_Talking_IMU_seg0018_c0013,IMU,False,unfiltered,
COUGH_mv000253,17,Trial_2_Talking,690.56,693.13,2.57000000000005,COUGH,COUGH_Trial_2_Talking_IMU_seg0018_c0014,IMU,False,unfiltered,
COUGH_mv000254,5,Trial_3_Nonverbal,8.942,12.217,3.2750000000000004,COUGH,COUGH_Trial_3_Nonverbal_IMU_seg0001_c0001,IMU,False,unfiltered,
COUGH_mv000255,5,Trial_3_Nonverbal,185.581,186.585,1.004000000000019,COUGH,COUGH_Trial_3_Nonverbal_IMU_seg0001_c0002,IMU,False,unfiltered,
COUGH_mv000256,5,Trial_3_Nonverbal,191.066,191.543,0.4770000000000038,COUGH,COUGH_Trial_3_Nonverbal_IMU_seg0001_c0003,IMU,False,unfiltered,
COUGH_mv000257,5,Trial_3_Nonverbal,212.155,212.51,0.3549999999999897,COUGH,COUGH_Trial_3_Nonverbal_IMU_seg0001_c0004,IMU,False,unfiltered,
COUGH_mv000258,5,Trial_3_Nonverbal,232.777,233.761,0.9840000000000088,COUGH,COUGH_Trial_3_Nonverbal_IMU_seg0001_c0005,IMU,False,unfiltered,
COUGH_mv000259,5,Trial_3_Nonverbal,273.86,274.297,0.4370000000000118,COUGH,COUGH_Trial_3_Nonverbal_IMU_seg0001_c0006,IMU,False,unfiltered,
COUGH_mv000260,5,Trial_3_Nonverbal,320.174,459.006,138.832,COUGH,COUGH_Trial_3_Nonverbal_IMU_seg0001_c0007,IMU,False,unfiltered,
COUGH_mv000261,5,Trial_3_Nonverbal,459.532,461.205,1.6730000000000018,COUGH,COUGH_Trial_3_Nonverbal_IMU_seg0001_c0008,IMU,False,unfiltered,
COUGH_mv000262,5,Trial_3_Nonverbal,517.213,517.578,0.3650000000000091,COUGH,COUGH_Trial_3_Nonverbal_IMU_seg0001_c0009,IMU,False,unfiltered,
COUGH_mv000263,6,Trial_3_Nonverbal,12.319,13.141,0.8219999999999992,COUGH,COUGH_Trial_3_Nonverbal_IMU_seg0002_c0001,IMU,False,unfiltered,
COUGH_mv000264,6,Trial_3_Nonverbal,13.819,15.747,1.927999999999999,COUGH,COUGH_Trial_3_Nonverbal_IMU_seg0002_c0002,IMU,False,unfiltered,
COUGH_mv000265,6,Trial_3_Nonverbal,196.229,196.533,0.3039999999999736,COUGH,COUGH_Trial_3_Nonverbal_IMU_seg0002_c0003,IMU,False,unfiltered,
COUGH_mv000266,6,Trial_3_Nonverbal,328.721,464.906,136.185,COUGH,COUGH_Trial_3_Nonverbal_IMU_seg0002_c0004,IMU,False,unfiltered,
COUGH_mv000267,7,Trial_3_Nonverbal,17.044,18.321,1.277000000000001,COUGH,COUGH_Trial_3_Nonverbal_IMU_seg0003_c0001,IMU,False,unfiltered,
COUGH_mv000268,7,Trial_3_Nonverbal,19.011,20.239,1.2280000000000015,COUGH,COUGH_Trial_3_Nonverbal_IMU_seg0003_c0002,IMU,False,unfiltered,
COUGH_mv000269,7,Trial_3_Nonverbal,20.948,22.266,1.3179999999999978,COUGH,COUGH_Trial_3_Nonverbal_IMU_seg0003_c0003,IMU,False,unfiltered,
COUGH_mv000270,7,Trial_3_Nonverbal,336.287,336.804,0.5169999999999959,COUGH,COUGH_Trial_3_Nonverbal_IMU_seg0003_c0004,IMU,False,unfiltered,
COUGH_mv000271,7,Trial_3_Nonverbal,337.351,338.923,1.5720000000000027,COUGH,COUGH_Trial_3_Nonverbal_IMU_seg0003_c0005,IMU,False,unfiltered,
COUGH_mv000272,7,Trial_3_Nonverbal,339.45,344.023,4.573000000000036,COUGH,COUGH_Trial_3_Nonverbal_IMU_seg0003_c0006,IMU,False,unfiltered,
COUGH_mv000273,7,Trial_3_Nonverbal,346.376,468.085,121.709,COUGH,COUGH_Trial_3_Nonverbal_IMU_seg0003_c0007,IMU,False,unfiltered,
COUGH_mv000274,7,Trial_3_Nonverbal,481.278,481.733,0.4549999999999841,COUGH,COUGH_Trial_3_Nonverbal_IMU_seg0003_c0008,IMU,False,unfiltered,
COUGH_mv000275,7,Trial_3_Nonverbal,585.325,585.832,0.5069999999999482,COUGH,COUGH_Trial_3_Nonverbal_IMU_seg0003_c0009,IMU,False,unfiltered,
COUGH_mv000276,7,Trial_3_Nonverbal,640.685,641.394,0.70900000000006,COUGH,COUGH_Trial_3_Nonverbal_IMU_seg0003_c0010,IMU,False,unfiltered,
COUGH_mv000277,8,Trial_3_Nonverbal,8.751,12.036,3.285,COUGH,COUGH_Trial_3_Nonverbal_IMU_seg0004_c0001,IMU,False,unfiltered,
COUGH_mv000278,8,Trial_3_Nonverbal,154.573,155.099,0.525999999999982,COUGH,COUGH_Trial_3_Nonverbal_IMU_seg0004_c0002,IMU,False,unfiltered,
COUGH_mv000279,8,Trial_3_Nonverbal,316.03,453.534,137.50400000000002,COUGH,COUGH_Trial_3_Nonverbal_IMU_seg0004_c0003,IMU,False,unfiltered,
COUGH_mv000280,8,Trial_3_Nonverbal,454.093,454.711,0.617999999999995,COUGH,COUGH_Trial_3_Nonverbal_IMU_seg0004_c0004,IMU,False,unfiltered,
COUGH_mv000281,8,Trial_3_Nonverbal,529.35,529.715,0.3650000000000091,COUGH,COUGH_Trial_3_Nonverbal_IMU_seg0004_c0005,IMU,False,unfiltered,
COUGH_mv000282,9,Trial_3_Nonverbal,9.602,12.695,3.093,COUGH,COUGH_Trial_3_Nonverbal_IMU_seg0005_c0001,IMU,False,unfiltered,
COUGH_mv000283,9,Trial_3_Nonverbal,160.474,161.691,1.217000000000013,COUGH,COUGH_Trial_3_Nonverbal_IMU_seg0005_c0002,IMU,False,unfiltered,
COUGH_mv000284,9,Trial_3_Nonverbal,297.507,297.993,0.48599999999999,COUGH,COUGH_Trial_3_Nonverbal_IMU_seg0005_c0003,IMU,False,unfiltered,
COUGH_mv000285,9,Trial_3_Nonverbal,321.375,321.963,0.5880000000000223,COUGH,COUGH_Trial_3_Nonverbal_IMU_seg0005_c0004,IMU,False,unfiltered,
COUGH_mv000286,9,Trial_3_Nonverbal,322.49,467.857,145.36700000000002,COUGH,COUGH_Trial_3_Nonverbal_IMU_seg0005_c0005,IMU,False,unfiltered,
COUGH_mv000287,9,Trial_3_Nonverbal,482.559,483.32,0.7609999999999673,COUGH,COUGH_Trial_3_Nonverbal_IMU_seg0005_c0006,IMU,False,unfiltered,
COUGH_mv000288,9,Trial_3_Nonverbal,483.847,484.566,0.7189999999999941,COUGH,COUGH_Trial_3_Nonverbal_IMU_seg0005_c0007,IMU,False,unfiltered,
COUGH_mv000289,9,Trial_3_Nonverbal,505.412,505.828,0.4159999999999968,COUGH,COUGH_Trial_3_Nonverbal_IMU_seg0005_c0008,IMU,False,unfiltered,
COUGH_mv000290,9,Trial_3_Nonverbal,543.11,544.023,0.9130000000000108,COUGH,COUGH_Trial_3_Nonverbal_IMU_seg0005_c0009,IMU,False,unfiltered,
COUGH_mv000291,9,Trial_3_Nonverbal,583.323,583.809,0.48599999999999,COUGH,COUGH_Trial_3_Nonverbal_IMU_seg0005_c0010,IMU,False,unfiltered,
COUGH_mv000292,9,Trial_3_Nonverbal,607.678,608.174,0.4959999999999809,COUGH,COUGH_Trial_3_Nonverbal_IMU_seg0005_c0011,IMU,False,unfiltered,
COUGH_mv000293,9,Trial_3_Nonverbal,608.732,609.583,0.8509999999999991,COUGH,COUGH_Trial_3_Nonverbal_IMU_seg0005_c0012,IMU,False,unfiltered,
COUGH_mv000294,10,Trial_3_Nonverbal,14.641,15.655,1.0139999999999991,COUGH,COUGH_Trial_3_Nonverbal_IMU_seg0006_c0001,IMU,False,unfiltered,
COUGH_mv000295,10,Trial_3_Nonverbal,16.252,18.94,2.6880000000000024,COUGH,COUGH_Trial_3_Nonverbal_IMU_seg0006_c0002,IMU,False,unfiltered,
COUGH_mv000296,10,Trial_3_Nonverbal,318.505,457.459,138.954,COUGH,COUGH_Trial_3_Nonverbal_IMU_seg0006_c0003,IMU,False,unfiltered,
COUGH_mv000297,10,Trial_3_Nonverbal,534.473,535.336,0.8630000000000564,COUGH,COUGH_Trial_3_Nonverbal_IMU_seg0006_c0004,IMU,False,unfiltered,
COUGH_mv000298,10,Trial_3_Nonverbal,576.388,576.823,0.4349999999999454,COUGH,COUGH_Trial_3_Nonverbal_IMU_seg0006_c0005,IMU,False,unfiltered,
COUGH_mv000299,11,Trial_3_Nonverbal,0.669,3.082,2.413,COUGH,COUGH_Trial_3_Nonverbal_IMU_seg0007_c0001,IMU,False,unfiltered,
COUGH_mv000300,11,Trial_3_Nonverbal,7.057,7.949,0.8919999999999995,COUGH,COUGH_Trial_3_Nonverbal_IMU_seg0007_c0002,IMU,False,unfiltered,
COUGH_mv000301,11,Trial_3_Nonverbal,8.578,9.399,0.8209999999999997,COUGH,COUGH_Trial_3_Nonverbal_IMU_seg0007_c0003,IMU,False,unfiltered,
COUGH_mv000302,11,Trial_3_Nonverbal,24.082,31.473,7.390999999999998,COUGH,COUGH_Trial_3_Nonverbal_IMU_seg0007_c0004,IMU,False,unfiltered,
COUGH_mv000303,11,Trial_3_Nonverbal,32.182,33.125,0.9429999999999978,COUGH,COUGH_Trial_3_Nonverbal_IMU_seg0007_c0005,IMU,False,unfiltered,
COUGH_mv000304,11,Trial_3_Nonverbal,43.417,43.914,0.4969999999999999,COUGH,COUGH_Trial_3_Nonverbal_IMU_seg0007_c0006,IMU,False,unfiltered,
COUGH_mv000305,11,Trial_3_Nonverbal,45.0,45.566,0.5660000000000025,COUGH,COUGH_Trial_3_Nonverbal_IMU_seg0007_c0007,IMU,False,unfiltered,
COUGH_mv000306,11,Trial_3_Nonverbal,48.224,50.778,2.554000000000002,COUGH,COUGH_Trial_3_Nonverbal_IMU_seg0007_c0008,IMU,False,unfiltered,
COUGH_mv000307,11,Trial_3_Nonverbal,51.336,53.689,2.353000000000001,COUGH,COUGH_Trial_3_Nonverbal_IMU_seg0007_c0009,IMU,False,unfiltered,
COUGH_mv000308,11,Trial_3_Nonverbal,54.915,55.372,0.4570000000000007,COUGH,COUGH_Trial_3_Nonverbal_IMU_seg0007_c0010,IMU,False,unfiltered,
COUGH_mv000309,11,Trial_3_Nonverbal,71.261,71.859,0.597999999999999,COUGH,COUGH_Trial_3_Nonverbal_IMU_seg0007_c0011,IMU,False,unfiltered,
COUGH_mv000310,11,Trial_3_Nonverbal,74.881,75.458,0.5769999999999982,COUGH,COUGH_Trial_3_Nonverbal_IMU_seg0007_c0012,IMU,False,unfiltered,
COUGH_mv000311,11,Trial_3_Nonverbal,91.256,93.253,1.997,COUGH,COUGH_Trial_3_Nonverbal_IMU_seg0007_c0013,IMU,False,unfiltered,
COUGH_mv000312,11,Trial_3_Nonverbal,94.359,94.795,0.436000000000007,COUGH,COUGH_Trial_3_Nonverbal_IMU_seg0007_c0014,IMU,False,unfiltered,
COUGH_mv000313,11,Trial_3_Nonverbal,96.112,96.417,0.3050000000000068,COUGH,COUGH_Trial_3_Nonverbal_IMU_seg0007_c0015,IMU,False,unfiltered,
COUGH_mv000314,11,Trial_3_Nonverbal,108.777,109.457,0.6799999999999926,COUGH,COUGH_Trial_3_Nonverbal_IMU_seg0007_c0016,IMU,False,unfiltered,
COUGH_mv000315,11,Trial_3_Nonverbal,111.941,113.542,1.600999999999999,COUGH,COUGH_Trial_3_Nonverbal_IMU_seg0007_c0017,IMU,False,unfiltered,
COUGH_mv000316,11,Trial_3_Nonverbal,114.333,115.044,0.7109999999999985,COUGH,COUGH_Trial_3_Nonverbal_IMU_seg0007_c0018,IMU,False,unfiltered,
COUGH_mv000317,11,Trial_3_Nonverbal,115.693,116.748,1.0550000000000068,COUGH,COUGH_Trial_3_Nonverbal_IMU_seg0007_c0019,IMU,False,unfiltered,
COUGH_mv000318,11,Trial_3_Nonverbal,117.457,117.802,0.3450000000000131,COUGH,COUGH_Trial_3_Nonverbal_IMU_seg0007_c0020,IMU,False,unfiltered,
COUGH_mv000319,11,Trial_3_Nonverbal,126.125,126.613,0.4879999999999995,COUGH,COUGH_Trial_3_Nonverbal_IMU_seg0007_c0021,IMU,False,unfiltered,
COUGH_mv000320,11,Trial_3_Nonverbal,130.253,130.771,0.5180000000000007,COUGH,COUGH_Trial_3_Nonverbal_IMU_seg0007_c0022,IMU,False,unfiltered,
COUGH_mv000321,11,Trial_3_Nonverbal,132.87,135.07,2.1999999999999886,COUGH,COUGH_Trial_3_Nonverbal_IMU_seg0007_c0023,IMU,False,unfiltered,
COUGH_mv000322,11,Trial_3_Nonverbal,135.921,137.32,1.399000000000001,COUGH,COUGH_Trial_3_Nonverbal_IMU_seg0007_c0024,IMU,False,unfiltered,
COUGH_mv000323,11,Trial_3_Nonverbal,153.524,154.527,1.002999999999986,COUGH,COUGH_Trial_3_Nonverbal_IMU_seg0007_c0025,IMU,False,unfiltered,
COUGH_mv000324,11,Trial_3_Nonverbal,155.906,156.789,0.8829999999999814,COUGH,COUGH_Trial_3_Nonverbal_IMU_seg0007_c0026,IMU,False,unfiltered,
COUGH_mv000325,11,Trial_3_Nonverbal,158.178,159.313,1.134999999999991,COUGH,COUGH_Trial_3_Nonverbal_IMU_seg0007_c0027,IMU,False,unfiltered,
COUGH_mv000326,11,Trial_3_Nonverbal,167.333,171.399,4.0660000000000025,COUGH,COUGH_Trial_3_Nonverbal_IMU_seg0007_c0028,IMU,False,unfiltered,
COUGH_mv000327,11,Trial_3_Nonverbal,171.958,172.565,0.6069999999999993,COUGH,COUGH_Trial_3_Nonverbal_IMU_seg0007_c0029,IMU,False,unfiltered,
COUGH_mv000328,11,Trial_3_Nonverbal,177.93,178.325,0.3949999999999818,COUGH,COUGH_Trial_3_Nonverbal_IMU_seg0007_c0030,IMU,False,unfiltered,
COUGH_mv000329,11,Trial_3_Nonverbal,180.303,180.647,0.3439999999999941,COUGH,COUGH_Trial_3_Nonverbal_IMU_seg0007_c0031,IMU,False,unfiltered,
COUGH_mv000330,11,Trial_3_Nonverbal,182.411,183.881,1.4699999999999989,COUGH,COUGH_Trial_3_Nonverbal_IMU_seg0007_c0032,IMU,False,unfiltered,
COUGH_mv000331,11,Trial_3_Nonverbal,184.45,205.631,21.18100000000001,COUGH,COUGH_Trial_3_Nonverbal_IMU_seg0007_c0033,IMU,False,unfiltered,
COUGH_mv000332,11,Trial_3_Nonverbal,206.178,206.503,0.3249999999999886,COUGH,COUGH_Trial_3_Nonverbal_IMU_seg0007_c0034,IMU,False,unfiltered,
COUGH_mv000333,11,Trial_3_Nonverbal,589.425,590.267,0.8420000000000982,COUGH,COUGH_Trial_3_Nonverbal_IMU_seg0008_c0001,IMU,False,unfiltered,
COUGH_mv000334,11,Trial_3_Nonverbal,590.865,593.563,2.697999999999979,COUGH,COUGH_Trial_3_Nonverbal_IMU_seg0008_c0002,IMU,False,unfiltered,
COUGH_mv000335,11,Trial_3_Nonverbal,895.498,896.035,0.5369999999999209,COUGH,COUGH_Trial_3_Nonverbal_IMU_seg0008_c0003,IMU,False,unfiltered,
COUGH_mv000336,11,Trial_3_Nonverbal,896.573,897.121,0.5480000000000018,COUGH,COUGH_Trial_3_Nonverbal_IMU_seg0008_c0004,IMU,False,unfiltered,
COUGH_mv000337,11,Trial_3_Nonverbal,898.885,1032.524,133.6389999999999,COUGH,COUGH_Trial_3_Nonverbal_IMU_seg0008_c0005,IMU,False,unfiltered,
COUGH_mv000338,11,Trial_3_Nonverbal,1034.664,1034.988,0.3240000000000691,COUGH,COUGH_Trial_3_Nonverbal_IMU_seg0008_c0006,IMU,False,unfiltered,
COUGH_mv000339,11,Trial_3_Nonverbal,1174.275,1174.59,0.3149999999998272,COUGH,COUGH_Trial_3_Nonverbal_IMU_seg0008_c0007,IMU,False,unfiltered,
COUGH_mv000340,12,Trial_3_Nonverbal,12.666,15.686,3.02,COUGH,COUGH_Trial_3_Nonverbal_IMU_seg0009_c0001,IMU,False,unfiltered,
COUGH_mv000341,12,Trial_3_Nonverbal,182.751,183.633,0.882000000000005,COUGH,COUGH_Trial_3_Nonverbal_IMU_seg0009_c0002,IMU,False,unfiltered,
COUGH_mv000342,12,Trial_3_Nonverbal,225.377,225.731,0.353999999999985,COUGH,COUGH_Trial_3_Nonverbal_IMU_seg0009_c0003,IMU,False,unfiltered,
COUGH_mv000343,12,Trial_3_Nonverbal,267.059,267.393,0.3339999999999463,COUGH,COUGH_Trial_3_Nonverbal_IMU_seg0009_c0004,IMU,False,unfiltered,
COUGH_mv000344,12,Trial_3_Nonverbal,292.083,292.468,0.3849999999999909,COUGH,COUGH_Trial_3_Nonverbal_IMU_seg0009_c0005,IMU,False,unfiltered,
COUGH_mv000345,12,Trial_3_Nonverbal,308.406,445.021,136.615,COUGH,COUGH_Trial_3_Nonverbal_IMU_seg0009_c0006,IMU,False,unfiltered,
COUGH_mv000346,12,Trial_3_Nonverbal,446.249,446.776,0.5269999999999868,COUGH,COUGH_Trial_3_Nonverbal_IMU_seg0009_c0007,IMU,False,unfiltered,
COUGH_mv000347,12,Trial_3_Nonverbal,461.022,461.316,0.2939999999999827,COUGH,COUGH_Trial_3_Nonverbal_IMU_seg0009_c0008,IMU,False,unfiltered,
COUGH_mv000348,12,Trial_3_Nonverbal,462.37,463.029,0.6589999999999918,COUGH,COUGH_Trial_3_Nonverbal_IMU_seg0009_c0009,IMU,False,unfiltered,
COUGH_mv000349,13,Trial_3_Nonverbal,1.977,2.463,0.486,COUGH,COUGH_Trial_3_Nonverbal_IMU_seg0010_c0001,IMU,False,unfiltered,
COUGH_mv000350,13,Trial_3_Nonverbal,15.151,18.142,2.991,COUGH,COUGH_Trial_3_Nonverbal_IMU_seg0011_c0001,IMU,False,unfiltered,
COUGH_mv000351,13,Trial_3_Nonverbal,314.813,447.448,132.635,COUGH,COUGH_Trial_3_Nonverbal_IMU_seg0011_c0002,IMU,False,unfiltered,
COUGH_mv000352,14,Trial_3_Nonverbal,17.288,21.577,4.2890000000000015,COUGH,COUGH_Trial_3_Nonverbal_IMU_seg0012_c0001,IMU,False,unfiltered,
COUGH_mv000353,14,Trial_3_Nonverbal,319.675,320.234,0.5589999999999691,COUGH,COUGH_Trial_3_Nonverbal_IMU_seg0012_c0002,IMU,False,unfiltered,
COUGH_mv000354,14,Trial_3_Nonverbal,320.781,387.104,66.32299999999998,COUGH,COUGH_Trial_3_Nonverbal_IMU_seg0012_c0003,IMU,False,unfiltered,
COUGH_mv000355,14,Trial_3_Nonverbal,388.107,459.561,71.45399999999995,COUGH,COUGH_Trial_3_Nonverbal_IMU_seg0012_c0004,IMU,False,unfiltered,
COUGH_mv000356,15,Trial_3_Nonverbal,11.62,16.041,4.421000000000001,COUGH,COUGH_Trial_3_Nonverbal_IMU_seg0013_c0001,IMU,False,unfiltered,
COUGH_mv000357,15,Trial_3_Nonverbal,20.898,21.395,0.4969999999999999,COUGH,COUGH_Trial_3_Nonverbal_IMU_seg0013_c0002,IMU,False,unfiltered,
COUGH_mv000358,15,Trial_3_Nonverbal,23.422,23.747,0.3249999999999993,COUGH,COUGH_Trial_3_Nonverbal_IMU_seg0013_c0003,IMU,False,unfiltered,
COUGH_mv000359,15,Trial_3_Nonverbal,161.318,161.662,0.3439999999999941,COUGH,COUGH_Trial_3_Nonverbal_IMU_seg0013_c0004,IMU,False,unfiltered,
COUGH_mv000360,15,Trial_3_Nonverbal,321.349,459.976,138.627,COUGH,COUGH_Trial_3_Nonverbal_IMU_seg0013_c0005,IMU,False,unfiltered,
COUGH_mv000361,15,Trial_3_Nonverbal,460.514,461.091,0.5769999999999982,COUGH,COUGH_Trial_3_Nonverbal_IMU_seg0013_c0006,IMU,False,unfiltered,
COUGH_mv000362,15,Trial_3_Nonverbal,464.306,465.015,0.7090000000000032,COUGH,COUGH_Trial_3_Nonverbal_IMU_seg0013_c0007,IMU,False,unfiltered,
COUGH_mv000363,15,Trial_3_Nonverbal,470.571,471.414,0.8429999999999609,COUGH,COUGH_Trial_3_Nonverbal_IMU_seg0013_c0008,IMU,False,unfiltered,
COUGH_mv000364,15,Trial_3_Nonverbal,530.122,530.546,0.4240000000000918,COUGH,COUGH_Trial_3_Nonverbal_IMU_seg0013_c0009,IMU,False,unfiltered,
COUGH_mv000365,15,Trial_3_Nonverbal,532.555,533.245,0.6900000000000546,COUGH,COUGH_Trial_3_Nonverbal_IMU_seg0013_c0010,IMU,False,unfiltered,
COUGH_mv000366,15,Trial_3_Nonverbal,536.489,537.178,0.6889999999999645,COUGH,COUGH_Trial_3_Nonverbal_IMU_seg0013_c0011,IMU,False,unfiltered,
COUGH_mv000367,15,Trial_3_Nonverbal,539.623,540.179,0.5559999999999263,COUGH,COUGH_Trial_3_Nonverbal_IMU_seg0013_c0012,IMU,False,unfiltered,
COUGH_mv000368,15,Trial_3_Nonverbal,556.484,557.265,0.7809999999999491,COUGH,COUGH_Trial_3_Nonverbal_IMU_seg0013_c0013,IMU,False,unfiltered,
COUGH_mv000369,15,Trial_3_Nonverbal,569.869,570.629,0.7599999999999909,COUGH,COUGH_Trial_3_Nonverbal_IMU_seg0013_c0014,IMU,False,unfiltered,
COUGH_mv000370,15,Trial_3_Nonverbal,574.37,574.999,0.6290000000000191,COUGH,COUGH_Trial_3_Nonverbal_IMU_seg0013_c0015,IMU,False,unfiltered,
COUGH_mv000371,15,Trial_3_Nonverbal,577.077,577.594,0.5170000000000528,COUGH,COUGH_Trial_3_Nonverbal_IMU_seg0013_c0016,IMU,False,unfiltered,
COUGH_mv000372,15,Trial_3_Nonverbal,593.249,593.908,0.6589999999999918,COUGH,COUGH_Trial_3_Nonverbal_IMU_seg0013_c0017,IMU,False,unfiltered,
COUGH_mv000373,15,Trial_3_Nonverbal,597.569,598.391,0.8220000000000027,COUGH,COUGH_Trial_3_Nonverbal_IMU_seg0013_c0018,IMU,False,unfiltered,
COUGH_mv000374,16,Trial_3_Nonverbal,8.65,11.843,3.193,COUGH,COUGH_Trial_3_Nonverbal_IMU_seg0014_c0001,IMU,False,unfiltered,
COUGH_mv000375,16,Trial_3_Nonverbal,212.968,213.627,0.6590000000000202,COUGH,COUGH_Trial_3_Nonverbal_IMU_seg0014_c0002,IMU,False,unfiltered,
COUGH_mv000376,16,Trial_3_Nonverbal,311.0,312.075,1.0749999999999886,COUGH,COUGH_Trial_3_Nonverbal_IMU_seg0014_c0003,IMU,False,unfiltered,
COUGH_mv000377,16,Trial_3_Nonverbal,313.008,313.991,0.983000000000004,COUGH,COUGH_Trial_3_Nonverbal_IMU_seg0014_c0004,IMU,False,unfiltered,
COUGH_mv000378,16,Trial_3_Nonverbal,315.886,317.429,1.5429999999999495,COUGH,COUGH_Trial_3_Nonverbal_IMU_seg0014_c0005,IMU,False,unfiltered,
COUGH_mv000379,16,Trial_3_Nonverbal,318.484,456.942,138.45800000000003,COUGH,COUGH_Trial_3_Nonverbal_IMU_seg0014_c0006,IMU,False,unfiltered,
COUGH_mv000380,17,Trial_3_Nonverbal,6.55,9.57,3.0200000000000005,COUGH,COUGH_Trial_3_Nonverbal_IMU_seg0015_c0001,IMU,False,unfiltered,
COUGH_mv000381,17,Trial_3_Nonverbal,10.21,11.59,1.379999999999999,COUGH,COUGH_Trial_3_Nonverbal_IMU_seg0015_c0002,IMU,False,unfiltered,
COUGH_mv000382,17,Trial_3_Nonverbal,312.01,453.38,141.37,COUGH,COUGH_Trial_3_Nonverbal_IMU_seg0054_c0001,IMU,False,unfiltered,
COUGH_mv000383,17,Trial_3_Nonverbal,453.9,454.43,0.5300000000000296,COUGH,COUGH_Trial_3_Nonverbal_IMU_seg0054_c0002,IMU,False,unfiltered,
COUGH_mv000384,17,Trial_3_Nonverbal,599.96,605.36,5.399999999999977,COUGH,COUGH_Trial_3_Nonverbal_IMU_seg0056_c0001,IMU,False,unfiltered,
COUGH_mv000385,17,Trial_3_Nonverbal,611.96,614.33,2.3700000000000045,COUGH,COUGH_Trial_3_Nonverbal_IMU_seg0056_c0002,IMU,False,unfiltered,
COUGH_mv000386,17,Trial_3_Nonverbal,614.96,617.5,2.539999999999964,COUGH,COUGH_Trial_3_Nonverbal_IMU_seg0056_c0003,IMU,False,unfiltered,
COUGH_mv000387,17,Trial_3_Nonverbal,618.65,621.89,3.240000000000009,COUGH,COUGH_Trial_3_Nonverbal_IMU_seg0056_c0004,IMU,False,unfiltered,
COUGH_mv000388,17,Trial_3_Nonverbal,622.56,623.33,0.7700000000000955,COUGH,COUGH_Trial_3_Nonverbal_IMU_seg0056_c0005,IMU,False,unfiltered,
COUGH_mv000389,17,Trial_3_Nonverbal,640.16,642.44,2.2800000000000864,COUGH,COUGH_Trial_3_Nonverbal_IMU_seg0056_c0006,IMU,False,unfiltered,
COUGH_mv000390,17,Trial_3_Nonverbal,644.75,645.59,0.8400000000000318,COUGH,COUGH_Trial_3_Nonverbal_IMU_seg0056_c0007,IMU,False,unfiltered,
COUGH_mv000391,17,Trial_3_Nonverbal,646.3,646.81,0.5099999999999909,COUGH,COUGH_Trial_3_Nonverbal_IMU_seg0056_c0008,IMU,False,unfiltered,
COUGH_mv000392,17,Trial_3_Nonverbal,647.45,647.76,0.3099999999999454,COUGH,COUGH_Trial_3_Nonverbal_IMU_seg0056_c0009,IMU,False,unfiltered,
COUGH_mv000393,17,Trial_3_Nonverbal,659.69,663.83,4.139999999999986,COUGH,COUGH_Trial_3_Nonverbal_IMU_seg0056_c0010,IMU,False,unfiltered,
COUGH_mv000394,17,Trial_3_Nonverbal,676.21,678.56,2.349999999999909,COUGH,COUGH_Trial_3_Nonverbal_IMU_seg0056_c0011,IMU,False,unfiltered,
COUGH_mv000395,17,Trial_3_Nonverbal,679.11,684.06,4.949999999999932,COUGH,COUGH_Trial_3_Nonverbal_IMU_seg0056_c0012,IMU,False,unfiltered,
COUGH_mv000396,17,Trial_3_Nonverbal,696.28,697.51,1.2300000000000182,COUGH,COUGH_Trial_3_Nonverbal_IMU_seg0056_c0013,IMU,False,unfiltered,
COUGH_mv000397,17,Trial_3_Nonverbal,700.6,701.15,0.5499999999999545,COUGH,COUGH_Trial_3_Nonverbal_IMU_seg0056_c0014,IMU,False,unfiltered,
COUGH_mv000398,17,Trial_3_Nonverbal,701.87,705.6,3.730000000000018,COUGH,COUGH_Trial_3_Nonverbal_IMU_seg0056_c0015,IMU,False,unfiltered,
COUGH_mv000399,17,Trial_3_Nonverbal,706.3,706.89,0.5900000000000318,COUGH,COUGH_Trial_3_Nonverbal_IMU_seg0056_c0016,IMU,False,unfiltered,
COUGH_mv000400,17,Trial_3_Nonverbal,722.34,723.21,0.8700000000000045,COUGH,COUGH_Trial_3_Nonverbal_IMU_seg0056_c0017,IMU,False,unfiltered,
COUGH_mv000401,17,Trial_3_Nonverbal,725.04,725.83,0.7900000000000773,COUGH,COUGH_Trial_3_Nonverbal_IMU_seg0056_c0018,IMU,False,unfiltered,
