movement_count,span_seconds,movements_per_minute,interval_cv,burst_count,mean_burst_size,max_burst_size,duration_std_seconds,peak_amplitude_std,dominant_frequency_std_hz,dominant_direction,direction_counts,movements_early_third,movements_mid_third,movements_late_third,artifact_filtered_fraction,dataset,subject_id,record_id
398,2168.165995121002,11.01391685587583,1.2102517779569495,224,1.7767857142857142,16,0.6090698167308303,126.47105304991315,3.064732564952446,az,"{'az': 251, 'ay': 94, 'ax': 53}",119,136,143,0.0,FOUR_IMU,Sub-dataset One_record_1,Sub-dataset One_record_1
388,2280.7755699157715,10.207054261309771,1.1767009454449358,229,1.6943231441048034,12,0.4618305384478543,102.32609213336342,3.380614333589904,az,"{'az': 227, 'ay': 91, 'ax': 70}",131,126,131,0.0,FOUR_IMU,Sub-dataset One_record_10,Sub-dataset One_record_10
137,774.925623178482,10.60746961274083,1.425915807927095,68,2.014705882352941,10,0.3272443493656535,87.59981189042784,3.042652922718717,az,"{'az': 88, 'ay': 26, 'ax': 23}",30,50,57,0.0,FOUR_IMU,Sub-dataset One_record_11,Sub-dataset One_record_11
288,1804.2993187904358,9.577124937110849,1.2629637346281415,170,1.6941176470588235,11,0.5747926929793815,503.4101567859246,3.068914640872128,az,"{'az': 183, 'ay': 73, 'ax': 32}",89,115,84,0.0,FOUR_IMU,Sub-dataset One_record_12,Sub-dataset One_record_12
255,1448.656931877136,10.561506774536754,1.0657508720545963,159,1.6037735849056605,9,0.6350843433801103,101.13222815690068,3.333825335763409,az,"{'az': 133, 'ay': 79, 'ax': 43}",59,98,98,0.0,FOUR_IMU,Sub-dataset One_record_13,Sub-dataset One_record_13
343,2215.373263835907,9.289630933058133,1.120254001090512,223,1.5381165919282511,7,0.8597171467704544,279.10309818385036,3.3016293384089686,az,"{'az': 223, 'ay': 63, 'ax': 57}",104,120,119,0.0,FOUR_IMU,Sub-dataset One_record_14,Sub-dataset One_record_14
316,1825.445806026459,10.386503909021107,1.162977795468446,180,1.7555555555555555,11,1.0667693619243377,311.34711249390796,2.876405440603277,az,"{'az': 181, 'ay': 89, 'ax': 46}",106,96,114,0.0,FOUR_IMU,Sub-dataset One_record_15,Sub-dataset One_record_15
190,980.6246991157531,11.625242572698388,1.3148460224259997,105,1.8095238095238095,21,0.4679929844384499,120.03198276563181,3.13289439667686,az,"{'az': 116, 'ay': 37, 'ax': 37}",54,57,79,0.0,FOUR_IMU,Sub-dataset One_record_16,Sub-dataset One_record_16
95,614.3284351825714,9.278424493416171,1.3835206159392217,55,1.7272727272727273,9,0.43372478461600694,222.23942035000252,2.8999441012493117,az,"{'az': 64, 'ax': 17, 'ay': 14}",17,36,42,0.0,FOUR_IMU,Sub-dataset One_record_17,Sub-dataset One_record_17
377,2259.3219470977783,10.01185334788458,1.1478812022807978,224,1.6830357142857142,15,0.578495512073975,224.39451145661613,3.2346439879328197,az,"{'az': 212, 'ay': 114, 'ax': 51}",122,138,117,0.0,FOUR_IMU,Sub-dataset One_record_18,Sub-dataset One_record_18
460,2628.037106990814,10.50213481635458,1.1477969694776768,262,1.7557251908396947,12,1.1262284569089833,184.12814290459625,2.914765393140997,az,"{'az': 264, 'ay': 157, 'ax': 39}",142,141,177,0.0,FOUR_IMU,Sub-dataset One_record_19,Sub-dataset One_record_19
305,1880.9736299514775,9.729004016112695,1.180063316972115,171,1.7836257309941521,12,0.423424956330918,432.192949247159,3.4727712227704317,az,"{'az': 200, 'ay': 64, 'ax': 41}",111,96,98,0.0,FOUR_IMU,Sub-dataset One_record_2,Sub-dataset One_record_2
645,3194.6900539398193,12.113851217670902,1.084950020774164,347,1.8587896253602305,14,1.1031154789244864,497.4095406765519,2.838856783024701,az,"{'az': 336, 'ay': 206, 'ax': 103}",174,240,231,0.0,FOUR_IMU,Sub-dataset One_record_20,Sub-dataset One_record_20
433,2349.179005146026,11.059182779638824,1.1739967748967866,245,1.7673469387755103,16,1.3402551693210465,318.7386821026688,3.1342947214006127,az,"{'az': 228, 'ay': 136, 'ax': 69}",146,136,151,0.0,FOUR_IMU,Sub-dataset One_record_21,Sub-dataset One_record_21
345,1940.9330630302431,10.664973663585561,1.0573889786967492,199,1.7336683417085428,11,0.7329388106101028,427.4999519552598,2.518931869198967,az,"{'az': 190, 'ay': 107, 'ax': 48}",102,101,142,0.0,FOUR_IMU,Sub-dataset One_record_22,Sub-dataset One_record_22
376,1837.5905461311336,12.276946051718575,1.1863852731305558,202,1.8613861386138615,16,0.5467186699652538,345.4099113018822,3.1085507579393514,az,"{'az': 172, 'ay': 122, 'ax': 82}",143,135,98,0.0,FOUR_IMU,Sub-dataset One_record_23,Sub-dataset One_record_23
845,3988.8094370365147,12.710559579318373,1.1980773634552935,404,2.0915841584158414,40,1.2873137357228819,997.4354007839011,2.8752200031389576,az,"{'az': 379, 'ay': 233, 'ax': 233}",301,247,297,0.0,FOUR_IMU,Sub-dataset One_record_24,Sub-dataset One_record_24
67,430.0966329574585,9.346736737642921,1.2883945093841174,33,2.0303030303030303,8,0.7846113172058258,121.78979115357437,3.212545225532202,az,"{'az': 37, 'ay': 19, 'ax': 11}",19,18,30,0.0,FOUR_IMU,Sub-dataset One_record_25,Sub-dataset One_record_25
266,1357.94983792305,11.753011454687028,1.2269738041323104,137,1.9416058394160585,16,0.7034359793832163,183.79045126019696,3.0614229964460176,az,"{'az': 151, 'ay': 74, 'ax': 41}",87,109,70,0.0,FOUR_IMU,Sub-dataset One_record_3,Sub-dataset One_record_3
339,1844.8875980377195,11.025061917937041,1.3082965472766246,173,1.9595375722543353,18,0.5908486379463135,119.49909791590028,3.624121493476735,az,"{'az': 200, 'ay': 88, 'ax': 51}",93,114,132,0.0,FOUR_IMU,Sub-dataset One_record_4,Sub-dataset One_record_4
453,2293.070796012879,11.853101111077663,1.2389899741400705,233,1.944206008583691,17,0.47496798493291986,108.9121295699294,3.663913229772399,az,"{'az': 278, 'ay': 107, 'ax': 68}",123,148,182,0.0,FOUR_IMU,Sub-dataset One_record_5,Sub-dataset One_record_5
126,707.9400899410248,10.67886973406152,1.1031474791617875,72,1.75,8,0.2460932204955221,57.27190419206972,3.633298901555596,az,"{'az': 83, 'ay': 29, 'ax': 14}",37,55,34,0.0,FOUR_IMU,Sub-dataset One_record_6,Sub-dataset One_record_6
142,866.9176509380341,9.827923091404442,1.119173154799339,82,1.7317073170731707,13,1.2715289510695695,203.84286660058325,2.98959661468767,az,"{'az': 82, 'ay': 37, 'ax': 23}",50,46,46,0.0,FOUR_IMU,Sub-dataset One_record_7,Sub-dataset One_record_7
73,464.6135869026184,9.427188794024731,1.5733077612638506,44,1.6590909090909092,4,0.40591560765755885,69.16320641691394,4.074095758357916,az,"{'az': 51, 'ax': 12, 'ay': 10}",26,21,26,0.0,FOUR_IMU,Sub-dataset One_record_8,Sub-dataset One_record_8
93,586.0122179985046,9.521985768587232,0.9802031400463791,62,1.5,4,0.7908654240808097,263.96358426151494,3.880031425966365,az,"{'az': 54, 'ax': 20, 'ay': 19}",29,37,27,0.0,FOUR_IMU,Sub-dataset One_record_9,Sub-dataset One_record_9
632,3262.240756988526,11.623912158771848,1.0433231609575933,376,1.6808510638297873,28,1.4230160050137532,571.1128916834614,2.3431940343806903,ay,"{'ay': 281, 'az': 216, 'ax': 135}",209,212,211,0.0,FOUR_IMU,Sub-dataset Three_record_1,Sub-dataset Three_record_1
988,4618.546352863312,12.835207329520207,1.1144259823779876,522,1.89272030651341,26,1.300579760954989,997.2707127487024,2.715035643851261,ay,"{'ay': 400, 'az': 344, 'ax': 244}",388,262,338,0.0,FOUR_IMU,Sub-dataset Three_record_10,Sub-dataset Three_record_10
805,3223.147434949875,14.985352353498884,1.109090440892038,391,2.0588235294117645,23,1.259355178723978,1388.3045023168388,2.54555629215271,ay,"{'ay': 340, 'az': 296, 'ax': 169}",234,280,291,0.0,FOUR_IMU,Sub-dataset Three_record_11,Sub-dataset Three_record_11
469,1872.7434380054476,15.026083887908486,1.1083513714070559,220,2.131818181818182,34,1.5576500136575595,1306.1161711294744,2.6147735837337116,az,"{'az': 169, 'ay': 152, 'ax': 148}",155,149,165,0.0,FOUR_IMU,Sub-dataset Three_record_12,Sub-dataset Three_record_12
703,3914.0433599948888,10.776579644241622,1.0683248749392567,413,1.702179176755448,9,1.2140839811771218,913.1676234733962,2.8821212429343825,az,"{'az': 309, 'ay': 207, 'ax': 187}",245,208,250,0.0,FOUR_IMU,Sub-dataset Three_record_13,Sub-dataset Three_record_13
842,4329.259381771089,11.669432469840235,1.17029990530785,455,1.8505494505494506,22,1.2727865963838783,735.0439767846472,2.7616680402653033,az,"{'az': 347, 'ay': 267, 'ax': 228}",234,270,338,0.0,FOUR_IMU,Sub-dataset Three_record_14,Sub-dataset Three_record_14
464,2571.1794431209564,10.827715690744311,1.0816395302856692,268,1.7313432835820894,23,1.277622180339568,526.2615688865519,2.8408873682530973,az,"{'az': 194, 'ay': 152, 'ax': 118}",172,135,157,0.0,FOUR_IMU,Sub-dataset Three_record_15,Sub-dataset Three_record_15
716,3626.636487960816,11.845686807214456,1.1947300948310178,384,1.8645833333333333,12,1.2563318258019502,627.4970975927179,2.7353561365199153,az,"{'az': 300, 'ay': 234, 'ax': 182}",226,245,245,0.0,FOUR_IMU,Sub-dataset Three_record_16,Sub-dataset Three_record_16
1152,4658.053045988083,14.83881770293108,1.0948246991371398,567,2.0317460317460316,18,1.4739570753415014,950.9067211964594,2.312632792943936,ay,"{'ay': 540, 'az': 320, 'ax': 292}",394,438,320,0.0,FOUR_IMU,Sub-dataset Three_record_17,Sub-dataset Three_record_17
642,2927.3420140743256,13.158694752714322,0.9986902853350225,351,1.829059829059829,16,1.2721067176521708,929.5387252064509,2.7328995880735,ay,"{'ay': 243, 'az': 236, 'ax': 163}",237,204,201,0.0,FOUR_IMU,Sub-dataset Three_record_18,Sub-dataset Three_record_18
715,3320.750095129013,12.918767980441272,0.9904098536199933,411,1.7396593673965937,18,1.3999729952253834,756.3629248048198,2.718906947797753,ay,"{'ay': 314, 'az': 255, 'ax': 146}",226,239,250,0.0,FOUR_IMU,Sub-dataset Three_record_19,Sub-dataset Three_record_19
668,2961.8916749954224,13.5318925868759,1.0700093438903857,361,1.850415512465374,27,1.2431163500163627,982.1844609450479,2.8900003469453766,az,"{'az': 251, 'ay': 227, 'ax': 190}",220,245,203,0.0,FOUR_IMU,Sub-dataset Three_record_2,Sub-dataset Three_record_2
862,4191.28294801712,12.33989702949273,1.0617381579780265,482,1.7883817427385893,24,1.1382091426375964,698.6318173435183,2.9796852101759623,az,"{'az': 352, 'ay': 267, 'ax': 243}",273,276,313,0.0,FOUR_IMU,Sub-dataset Three_record_20,Sub-dataset Three_record_20
869,3700.2294049263,14.091018230000392,1.091040184958693,474,1.8333333333333333,19,1.4889699763110114,776.4379508857786,2.4114118971709217,ay,"{'ay': 395, 'az': 244, 'ax': 230}",309,303,257,0.0,FOUR_IMU,Sub-dataset Three_record_21,Sub-dataset Three_record_21
786,3800.8674759864807,12.407693848299736,1.139155999519862,430,1.827906976744186,11,1.365246199858968,819.7044000702634,2.562556817033294,ay,"{'ay': 270, 'az': 268, 'ax': 248}",234,253,299,0.0,FOUR_IMU,Sub-dataset Three_record_22,Sub-dataset Three_record_22
766,3713.4750449657436,12.376547423499375,1.1311703337483103,414,1.8502415458937198,19,1.1758697136616936,945.205037572298,2.4612000754595558,ay,"{'ay': 285, 'az': 269, 'ax': 212}",254,281,231,0.0,FOUR_IMU,Sub-dataset Three_record_23,Sub-dataset Three_record_23
753,3493.597459077836,12.932228320295845,1.0327025004513652,411,1.832116788321168,17,1.3960738322724915,840.9737560435302,2.5180528369481525,az,"{'az': 275, 'ay': 246, 'ax': 232}",238,263,252,0.0,FOUR_IMU,Sub-dataset Three_record_24,Sub-dataset Three_record_24
778,3098.71346783638,15.0643163637177,1.1518607977810704,361,2.155124653739612,18,1.6119482527278897,483.1262215746636,2.6037098689067517,ay,"{'ay': 388, 'az': 256, 'ax': 134}",245,285,248,0.0,FOUR_IMU,Sub-dataset Three_record_25,Sub-dataset Three_record_25
628,3310.388123035431,11.382351132123341,1.20107919932155,340,1.8470588235294119,24,1.0681885252174403,602.4521684481643,2.6014786927514653,az,"{'az': 239, 'ay': 226, 'ax': 163}",185,192,251,0.0,FOUR_IMU,Sub-dataset Three_record_26,Sub-dataset Three_record_26
508,2620.9384310245514,11.62942236231206,1.181228050326213,263,1.9315589353612168,12,1.4305242512982301,488.22578625271706,2.1408723407451644,ay,"{'ay': 246, 'az': 163, 'ax': 99}",151,173,184,0.0,FOUR_IMU,Sub-dataset Three_record_27,Sub-dataset Three_record_27
306,1246.0821981430054,14.73418047971578,1.1569458773103518,142,2.1549295774647885,21,1.2223925771318864,672.9442353579942,2.4155306136300356,ay,"{'ay': 175, 'ax': 68, 'az': 63}",82,105,119,0.0,FOUR_IMU,Sub-dataset Three_record_28,Sub-dataset Three_record_28
739,3152.1310939788823,14.066673840024325,1.0505413973905102,367,2.0136239782016347,21,1.3677580820346755,654.5561903227264,2.3794743607907414,ay,"{'ay': 293, 'ax': 250, 'az': 196}",249,227,263,0.0,FOUR_IMU,Sub-dataset Three_record_29,Sub-dataset Three_record_29
727,2839.0686728954324,15.364193341443205,1.1415116598490593,348,2.089080459770115,18,1.3617587485181053,1007.5906700878521,2.5174059755536113,ay,"{'ay': 345, 'az': 201, 'ax': 181}",253,241,233,0.0,FOUR_IMU,Sub-dataset Three_record_3,Sub-dataset Three_record_3
806,3478.7764248847957,13.90143949868854,1.0968163901015195,401,2.0099750623441395,23,1.1739607583352982,612.9581604383179,2.5997128276562314,ay,"{'ay': 299, 'az': 259, 'ax': 248}",274,237,295,0.0,FOUR_IMU,Sub-dataset Three_record_30,Sub-dataset Three_record_30
601,2851.3738930225372,12.646535092518288,1.2222527657230071,291,2.0652920962199315,33,1.340360153115598,611.9347480543515,2.6407512988707382,ay,"{'ay': 253, 'az': 195, 'ax': 153}",209,188,204,0.0,FOUR_IMU,Sub-dataset Three_record_31,Sub-dataset Three_record_31
348,1627.2476229667664,12.831482870401732,1.1347948546571507,195,1.7846153846153847,15,0.8513341506049114,650.5036454993673,2.7335172940476604,az,"{'az': 130, 'ay': 127, 'ax': 91}",111,110,127,0.0,FOUR_IMU,Sub-dataset Three_record_32,Sub-dataset Three_record_32
776,3600.500652074814,12.931534944499864,1.2813374344747008,373,2.0804289544235925,38,1.228230340585413,1154.5583974795227,2.444618741530954,ay,"{'ay': 351, 'az': 225, 'ax': 200}",261,290,225,0.0,FOUR_IMU,Sub-dataset Three_record_33,Sub-dataset Three_record_33
904,3809.0591080188756,14.239737022146313,1.0305374228647228,479,1.8872651356993737,17,1.333625130248819,952.8004780969405,2.63658661017928,az,"{'az': 334, 'ax': 291, 'ay': 279}",307,319,278,0.0,FOUR_IMU,Sub-dataset Three_record_34,Sub-dataset Three_record_34
544,2437.250179052353,13.39214180002277,1.1404678015672027,289,1.8823529411764706,18,1.536700285161928,564.4578761338864,2.4285401960112245,ay,"{'ay': 195, 'az': 187, 'ax': 162}",166,197,181,0.0,FOUR_IMU,Sub-dataset Three_record_35,Sub-dataset Three_record_35
549,2794.0478930473328,11.789346947834145,1.1537045332184521,299,1.8361204013377928,18,1.4936022633144015,951.1873624541712,2.4321894171722866,az,"{'az': 222, 'ax': 172, 'ay': 155}",193,175,181,0.0,FOUR_IMU,Sub-dataset Three_record_36,Sub-dataset Three_record_36
632,3255.060647010803,11.649552531324662,1.1763540705804976,347,1.8213256484149856,22,1.1161766039657661,459.3388410620792,2.504491918341327,az,"{'az': 231, 'ay': 203, 'ax': 198}",196,204,232,0.0,FOUR_IMU,Sub-dataset Three_record_37,Sub-dataset Three_record_37
619,2852.8488700389867,13.01856554339398,1.1528216869202346,324,1.9104938271604939,14,1.0311097277438745,788.7893847198502,2.741846618126435,az,"{'az': 218, 'ay': 212, 'ax': 189}",191,235,193,0.0,FOUR_IMU,Sub-dataset Three_record_38,Sub-dataset Three_record_38
807,3600.389049053192,13.448546626574478,1.1668207749492487,408,1.9779411764705883,31,1.1874247289616784,1063.1643749904827,2.282811230813084,ay,"{'ay': 327, 'az': 250, 'ax': 230}",232,304,271,0.0,FOUR_IMU,Sub-dataset Three_record_39,Sub-dataset Three_record_39
337,1638.6920759677887,12.339108912855608,1.2375232931420015,171,1.9707602339181287,19,0.9050026604115466,315.5753535860048,2.555844013478881,az,"{'az': 143, 'ay': 135, 'ax': 59}",115,97,125,0.0,FOUR_IMU,Sub-dataset Three_record_4,Sub-dataset Three_record_4
763,3536.1146399974823,12.946412845945684,1.1073623027538382,417,1.829736211031175,18,0.9904974779901442,815.7235847430967,2.708028497253194,ax,"{'ax': 328, 'ay': 266, 'az': 169}",230,271,262,0.0,FOUR_IMU,Sub-dataset Three_record_40,Sub-dataset Three_record_40
761,4051.084867954254,11.27105491202847,1.1315016431542013,407,1.8697788697788698,18,0.9457116024296862,505.26111001089447,2.702026922807375,az,"{'az': 310, 'ax': 273, 'ay': 178}",244,269,248,0.0,FOUR_IMU,Sub-dataset Three_record_41,Sub-dataset Three_record_41
660,3696.0584239959717,10.71411635241055,1.264321939782045,344,1.9186046511627908,23,1.0810179186209952,563.6898967826147,2.936796856630297,az,"{'az': 254, 'ax': 213, 'ay': 193}",181,224,255,0.0,FOUR_IMU,Sub-dataset Three_record_42,Sub-dataset Three_record_42
700,3623.2592520713806,11.591773339428865,1.223368836242488,363,1.9283746556473829,25,0.9238420870265386,492.1069793277053,2.8092296091383173,ay,"{'ay': 254, 'az': 227, 'ax': 219}",226,206,268,0.0,FOUR_IMU,Sub-dataset Three_record_43,Sub-dataset Three_record_43
720,2890.1945078372955,14.947090890545683,1.101853930959482,350,2.057142857142857,26,1.104533346609828,1173.4083085195584,2.1744592591960874,ay,"{'ay': 344, 'ax': 195, 'az': 181}",249,249,222,0.0,FOUR_IMU,Sub-dataset Three_record_44,Sub-dataset Three_record_44
769,4072.9171750545497,11.328489634553403,1.1270293808023415,440,1.7477272727272728,14,1.0547519332690243,734.1844261672555,2.791707162767659,ax,"{'ax': 304, 'az': 236, 'ay': 229}",248,264,257,0.0,FOUR_IMU,Sub-dataset Three_record_45,Sub-dataset Three_record_45
659,2939.1462941169734,13.452885989085907,1.1115110511432655,336,1.9613095238095237,31,1.3975344002877514,572.4190901285838,2.3160199881501358,ay,"{'ay': 299, 'az': 259, 'ax': 101}",228,192,239,0.0,FOUR_IMU,Sub-dataset Three_record_5,Sub-dataset Three_record_5
654,3122.7562019824977,12.565822453603097,1.116243993642246,338,1.9349112426035502,20,1.2041749697960267,666.8869723079781,2.793367320872719,az,"{'az': 273, 'ax': 191, 'ay': 190}",210,210,234,0.0,FOUR_IMU,Sub-dataset Three_record_6,Sub-dataset Three_record_6
367,1797.6794559955597,12.249124796169664,1.0763775899004684,219,1.6757990867579908,21,1.1655760372585344,672.0455904408847,2.7709612078056876,az,"{'az': 166, 'ay': 136, 'ax': 65}",110,135,122,0.0,FOUR_IMU,Sub-dataset Three_record_7,Sub-dataset Three_record_7
275,1187.296168088913,13.897122254305435,1.1031552896500587,139,1.9784172661870503,21,1.029204041362168,1006.5824829051904,2.463771324202526,ay,"{'ay': 126, 'ax': 81, 'az': 68}",108,70,97,0.0,FOUR_IMU,Sub-dataset Three_record_8,Sub-dataset Three_record_8
801,4059.3134920597076,11.839440362023927,1.0850578835471385,476,1.6827731092436975,14,1.1355641209783391,1674.0022020484814,3.0527888642438654,az,"{'az': 329, 'ay': 252, 'ax': 220}",262,277,262,0.0,FOUR_IMU,Sub-dataset Three_record_9,Sub-dataset Three_record_9
473,2537.5315248710003,11.184097506509891,1.0720591903488788,292,1.61986301369863,11,0.3136495644454862,580.5947156288028,3.701253845877223,az,"{'az': 299, 'ax': 96, 'ay': 78}",163,177,133,0.0,FOUR_IMU,Sub-dataset Two_record_1,Sub-dataset Two_record_1
309,2157.7007880210876,8.592479598157706,1.2220471353177165,201,1.537313432835821,6,1.3893557835352552,524.7226454264013,3.386743188340761,az,"{'az': 209, 'ay': 52, 'ax': 48}",98,123,88,0.0,FOUR_IMU,Sub-dataset Two_record_10,Sub-dataset Two_record_10
177,806.1061308383942,13.17444390226213,1.2707371658709652,80,2.2125,27,1.7835851773090294,1278.3282945627875,3.38344285197683,az,"{'az': 102, 'ax': 42, 'ay': 33}",55,54,68,0.0,FOUR_IMU,Sub-dataset Two_record_11,Sub-dataset Two_record_11
307,2202.1230361461644,8.364655242985881,1.2759899645991906,190,1.6157894736842104,17,0.8586759230612195,328.49143643605476,3.2909902455995974,az,"{'az': 177, 'ay': 70, 'ax': 60}",112,88,107,0.0,FOUR_IMU,Sub-dataset Two_record_12,Sub-dataset Two_record_12
485,2529.220211982727,11.505522477691924,1.2856151356809005,256,1.89453125,21,0.897544752859522,1777.3738828145647,3.3678166485646432,az,"{'az': 319, 'ax': 86, 'ay': 80}",156,183,146,0.0,FOUR_IMU,Sub-dataset Two_record_13,Sub-dataset Two_record_13
295,1952.461140155792,9.065481323017611,1.1633175994172518,190,1.5526315789473684,8,0.680809021206596,114.76689044780099,3.2643145528554074,az,"{'az': 195, 'ay': 53, 'ax': 47}",115,94,86,0.0,FOUR_IMU,Sub-dataset Two_record_14,Sub-dataset Two_record_14
248,1777.2006480693817,8.372718081193884,1.2383997255304693,150,1.6533333333333333,7,0.26943017366364946,212.74948616077268,3.9199520031361863,az,"{'az': 155, 'ax': 53, 'ay': 40}",63,75,110,0.0,FOUR_IMU,Sub-dataset Two_record_15,Sub-dataset Two_record_15
382,2350.489069223404,9.751162130514698,1.1781048205329967,209,1.8277511961722488,14,1.610792186523012,425.7478570425089,3.0892139664124425,az,"{'az': 225, 'ay': 87, 'ax': 70}",137,118,127,0.0,FOUR_IMU,Sub-dataset Two_record_16,Sub-dataset Two_record_16
301,1974.4017322063448,9.147074632991938,1.2258984132193032,189,1.5925925925925926,15,0.35401271009005925,117.87307893051631,3.3106338017637156,az,"{'az': 186, 'ay': 64, 'ax': 51}",112,87,102,0.0,FOUR_IMU,Sub-dataset Two_record_17,Sub-dataset Two_record_17
243,1489.8197400569916,9.786418858594434,1.1220936576913618,156,1.5576923076923077,6,0.3381051209442982,104.13879754285249,3.763999172797795,az,"{'az': 161, 'ax': 45, 'ay': 37}",76,90,77,0.0,FOUR_IMU,Sub-dataset Two_record_18,Sub-dataset Two_record_18
437,2428.004147052765,10.798993087317076,1.186424187354873,242,1.8057851239669422,9,0.237913046204744,107.41871932929634,3.3808508389004226,az,"{'az': 308, 'ay': 73, 'ax': 56}",172,133,132,0.0,FOUR_IMU,Sub-dataset Two_record_19,Sub-dataset Two_record_19
358,1726.416591057,12.441956426547575,1.2068767195827836,181,1.977900552486188,14,0.4921255838915283,382.9416452976197,3.3852138955974516,az,"{'az': 217, 'ay': 76, 'ax': 65}",101,130,127,0.0,FOUR_IMU,Sub-dataset Two_record_2,Sub-dataset Two_record_2
379,2259.3849568367004,10.064685936405285,1.1368871228259434,226,1.676991150442478,11,0.2654893685974123,142.40936090596747,3.8187799576141996,az,"{'az': 258, 'ax': 66, 'ay': 55}",111,105,163,0.0,FOUR_IMU,Sub-dataset Two_record_20,Sub-dataset Two_record_20
249,1256.388025045395,11.891230815782569,1.10545514560476,145,1.717241379310345,12,0.5420338012071638,217.21099714247487,3.1315334921717626,az,"{'az': 124, 'ay': 66, 'ax': 59}",85,72,92,0.0,FOUR_IMU,Sub-dataset Two_record_21,Sub-dataset Two_record_21
372,2278.373440027237,9.796462514825127,1.3851605350668634,211,1.7630331753554502,10,0.5241833686459284,113.61967412888943,2.94275411285639,az,"{'az': 213, 'ay': 87, 'ax': 72}",134,119,119,0.0,FOUR_IMU,Sub-dataset Two_record_22,Sub-dataset Two_record_22
328,1752.8034749031067,11.227727627073476,1.1760712161314206,182,1.8021978021978022,10,0.32059642949353667,95.2306915108293,3.481887437787216,az,"{'az': 217, 'ax': 62, 'ay': 49}",121,84,123,0.0,FOUR_IMU,Sub-dataset Two_record_23,Sub-dataset Two_record_23
318,1916.6825270652764,9.954700233645003,1.299736170623196,184,1.7282608695652173,11,0.4427604262124263,117.78106470358814,3.105323444082905,az,"{'az': 196, 'ay': 70, 'ax': 52}",116,111,91,0.0,FOUR_IMU,Sub-dataset Two_record_24,Sub-dataset Two_record_24
273,1847.0005848407752,8.868432492354666,1.1831659664565632,172,1.5872093023255813,10,1.2156076273482639,344.6242675296395,3.50831929823476,az,"{'az': 170, 'ax': 52, 'ay': 51}",78,103,92,0.0,FOUR_IMU,Sub-dataset Two_record_25,Sub-dataset Two_record_25
171,1041.5273230075836,9.850917756408483,1.3880659812489702,104,1.6442307692307692,9,0.35917743217522824,309.4757269535303,3.4095076779573947,az,"{'az': 106, 'ax': 35, 'ay': 30}",57,53,61,0.0,FOUR_IMU,Sub-dataset Two_record_26,Sub-dataset Two_record_26
214,1194.8647348880768,10.745986240193728,1.3300642445436093,110,1.9454545454545455,15,1.1775550402132224,314.62679571040803,2.8841326628427706,az,"{'az': 107, 'ay': 77, 'ax': 30}",72,55,87,0.0,FOUR_IMU,Sub-dataset Two_record_27,Sub-dataset Two_record_27
252,1132.251895904541,13.353918906817844,1.1396343812898047,123,2.048780487804878,11,0.36326860155815255,122.91194189838838,2.9786192102324516,az,"{'az': 149, 'ax': 54, 'ay': 49}",96,85,71,0.0,FOUR_IMU,Sub-dataset Two_record_28,Sub-dataset Two_record_28
194,1296.2926199436188,8.979454037550775,1.0061790914041553,130,1.4923076923076923,7,0.42166232777198764,68.10756101291156,2.976321649212316,az,"{'az': 118, 'ay': 43, 'ax': 33}",56,64,74,0.0,FOUR_IMU,Sub-dataset Two_record_29,Sub-dataset Two_record_29
159,1025.3629000180001,9.304022995012328,1.0177198148555973,106,1.5,5,0.4356590366110245,210.18175884716655,3.7679425529934667,az,"{'az': 100, 'ay': 38, 'ax': 21}",41,50,68,0.0,FOUR_IMU,Sub-dataset Two_record_3,Sub-dataset Two_record_3
171,1207.725239992142,8.495309744513376,1.1019706879545563,102,1.6764705882352942,10,0.3383662347713592,115.38613938206554,3.508496633553054,az,"{'az': 94, 'ax': 47, 'ay': 30}",60,57,54,0.0,FOUR_IMU,Sub-dataset Two_record_30,Sub-dataset Two_record_30
227,1648.460930109024,8.26225223251073,1.1180374788954324,145,1.5655172413793104,7,0.8545502426253347,167.69123760306738,3.1424558729099217,az,"{'az': 120, 'ay': 64, 'ax': 43}",82,56,89,0.0,FOUR_IMU,Sub-dataset Two_record_31,Sub-dataset Two_record_31
213,1167.536581039429,10.946123836755747,1.180272080476668,122,1.7459016393442623,10,0.31576007627455227,151.785487152555,3.0921339165886024,az,"{'az': 149, 'ax': 34, 'ay': 30}",64,78,71,0.0,FOUR_IMU,Sub-dataset Two_record_32,Sub-dataset Two_record_32
250,1565.500510931015,9.581600194483096,1.2183119115832812,144,1.7361111111111112,12,0.8831908812137156,496.14704919903886,3.4677196621442756,az,"{'az': 127, 'ay': 81, 'ax': 42}",81,69,100,0.0,FOUR_IMU,Sub-dataset Two_record_33,Sub-dataset Two_record_33
359,2140.39413022995,10.063567123353064,1.1210868126117621,210,1.7095238095238094,9,1.2195117246837213,353.759508687899,2.63079136743876,az,"{'az': 190, 'ay': 113, 'ax': 56}",103,117,139,0.0,FOUR_IMU,Sub-dataset Two_record_34,Sub-dataset Two_record_34
209,1204.636717796326,10.409777333485033,1.240139019471873,117,1.7863247863247864,9,0.3537547078460517,56.801013522113266,3.6433837077719913,az,"{'az': 132, 'ay': 42, 'ax': 35}",70,58,81,0.0,FOUR_IMU,Sub-dataset Two_record_35,Sub-dataset Two_record_35
113,540.1711978912354,12.551576290013832,1.205330011771474,60,1.8833333333333333,7,0.3224138139220654,164.81984510494675,2.463286585629732,az,"{'az': 71, 'ay': 23, 'ax': 19}",37,40,36,0.0,FOUR_IMU,Sub-dataset Two_record_36,Sub-dataset Two_record_36
204,1049.2914309501648,11.665014731814129,1.110195545389882,115,1.7739130434782608,9,0.6451867244741807,347.77465155188827,3.556047962621151,az,"{'az': 128, 'ay': 45, 'ax': 31}",58,77,69,0.0,FOUR_IMU,Sub-dataset Two_record_37,Sub-dataset Two_record_37
100,628.6559391021729,9.544171345249701,1.1477819801200646,65,1.5384615384615385,8,0.6240308804917283,150.24739209694312,3.5678732301002745,az,"{'az': 50, 'ay': 28, 'ax': 22}",27,33,40,0.0,FOUR_IMU,Sub-dataset Two_record_38,Sub-dataset Two_record_38
258,1214.389033079147,12.747150689223245,1.2432814066225581,125,2.064,17,1.3168640328311234,560.1875802929028,2.4354045654537626,az,"{'az': 140, 'ay': 75, 'ax': 43}",97,97,64,0.0,FOUR_IMU,Sub-dataset Two_record_39,Sub-dataset Two_record_39
385,2243.0955759770004,10.298268271488425,1.2247272507801172,219,1.7579908675799087,9,0.4204766100964267,249.28493555544864,3.7147629143177445,az,"{'az': 249, 'ax': 88, 'ay': 48}",158,128,99,0.0,FOUR_IMU,Sub-dataset Two_record_4,Sub-dataset Two_record_4
501,2619.1460959911346,11.477023006089595,1.1328357624658933,291,1.7216494845360826,6,0.7017982257508399,1106.1713751440896,3.7214380488424137,az,"{'az': 363, 'ax': 78, 'ay': 60}",169,181,151,0.0,FOUR_IMU,Sub-dataset Two_record_5,Sub-dataset Two_record_5
208,1188.0501339435577,10.504607207588517,1.174402799489813,121,1.71900826446281,9,0.22088643181163106,48.46977428861951,4.037180023961821,az,"{'az': 136, 'ax': 38, 'ay': 34}",65,68,75,0.0,FOUR_IMU,Sub-dataset Two_record_6,Sub-dataset Two_record_6
448,3251.0561659336095,8.268082317882946,1.324442077287265,287,1.5609756097560976,6,0.25386359307035616,134.83326025449352,3.574509605825904,az,"{'az': 313, 'ax': 68, 'ay': 67}",150,138,160,0.0,FOUR_IMU,Sub-dataset Two_record_7,Sub-dataset Two_record_7
493,2836.6439800262456,10.42781547782613,1.2134573505439605,285,1.7298245614035088,13,0.35505160706684574,99.88568313199272,3.6492596840892473,az,"{'az': 344, 'ay': 77, 'ax': 72}",163,156,174,0.0,FOUR_IMU,Sub-dataset Two_record_8,Sub-dataset Two_record_8
332,1704.7170209884644,11.685223855188337,1.1633969056198088,187,1.7754010695187166,8,0.4247391978634038,96.95360459672487,3.7090776347159053,az,"{'az': 229, 'ax': 55, 'ay': 48}",117,112,103,0.0,FOUR_IMU,Sub-dataset Two_record_9,Sub-dataset Two_record_9
