dataset,segment_id,candidate_id,start_timestamp,end_timestamp,duration_seconds,sample_count,start_index,end_index,peak_activity_score,threshold_used,filtered,filter_skip_reason,subject_id,record_id,sensor_id
COUGH,COUGH_005_Trial_1_No_Talking_IMU_seg0001,COUGH_005_Trial_1_No_Talking_IMU_seg0001_c0001,9.825,16.263,6.438000000000002,636,969,1605,2.5395619120663144,0.04624933734611682,True,,005,005_Trial_1_No_Talking,IMU
COUGH,COUGH_005_Trial_1_No_Talking_IMU_seg0001,COUGH_005_Trial_1_No_Talking_IMU_seg0001_c0002,24.404,25.651,1.2469999999999999,124,2407,2531,0.2133519559461853,0.04624933734611682,True,,005,005_Trial_1_No_Talking,IMU
COUGH,COUGH_005_Trial_1_No_Talking_IMU_seg0001,COUGH_005_Trial_1_No_Talking_IMU_seg0001_c0003,38.355,40.273,1.9180000000000064,190,3783,3973,0.10387341463829919,0.04624933734611682,True,,005,005_Trial_1_No_Talking,IMU
COUGH,COUGH_005_Trial_1_No_Talking_IMU_seg0001,COUGH_005_Trial_1_No_Talking_IMU_seg0001_c0004,42.117,42.908,0.7910000000000039,79,4154,4233,0.06871101435978831,0.04624933734611682,True,,005,005_Trial_1_No_Talking,IMU
COUGH,COUGH_005_Trial_1_No_Talking_IMU_seg0001,COUGH_005_Trial_1_No_Talking_IMU_seg0001_c0005,43.446,48.901,5.455000000000005,539,4285,4824,0.4256006136902595,0.04624933734611682,True,,005,005_Trial_1_No_Talking,IMU
COUGH,COUGH_005_Trial_1_No_Talking_IMU_seg0001,COUGH_005_Trial_1_No_Talking_IMU_seg0001_c0006,50.036,50.726,0.6899999999999977,69,4935,5004,0.09326047431125058,0.04624933734611682,True,,005,005_Trial_1_No_Talking,IMU
COUGH,COUGH_005_Trial_1_No_Talking_IMU_seg0001,COUGH_005_Trial_1_No_Talking_IMU_seg0001_c0007,52.257,53.128,0.8710000000000022,87,5154,5241,0.06536147214772281,0.04624933734611682,True,,005,005_Trial_1_No_Talking,IMU
COUGH,COUGH_005_Trial_1_No_Talking_IMU_seg0001,COUGH_005_Trial_1_No_Talking_IMU_seg0001_c0008,53.94,55.856,1.916000000000004,190,5320,5510,0.08210032074277723,0.04624933734611682,True,,005,005_Trial_1_No_Talking,IMU
COUGH,COUGH_005_Trial_1_No_Talking_IMU_seg0001,COUGH_005_Trial_1_No_Talking_IMU_seg0001_c0009,57.123,57.469,0.34600000000000364,35,5634,5669,0.08859117747358004,0.04624933734611682,True,,005,005_Trial_1_No_Talking,IMU
COUGH,COUGH_005_Trial_1_No_Talking_IMU_seg0001,COUGH_005_Trial_1_No_Talking_IMU_seg0001_c0010,82.462,82.958,0.4959999999999951,50,8133,8183,0.08329520617726759,0.04624933734611682,True,,005,005_Trial_1_No_Talking,IMU
COUGH,COUGH_005_Trial_1_No_Talking_IMU_seg0001,COUGH_005_Trial_1_No_Talking_IMU_seg0001_c0011,107.272,112.352,5.079999999999998,502,10580,11082,0.599536349303406,0.04624933734611682,True,,005,005_Trial_1_No_Talking,IMU
COUGH,COUGH_005_Trial_1_No_Talking_IMU_seg0001,COUGH_005_Trial_1_No_Talking_IMU_seg0001_c0012,126.171,126.74,0.5689999999999884,57,12444,12501,0.2919160205402241,0.04624933734611682,True,,005,005_Trial_1_No_Talking,IMU
COUGH,COUGH_005_Trial_1_No_Talking_IMU_seg0001,COUGH_005_Trial_1_No_Talking_IMU_seg0001_c0013,127.914,138.825,10.910999999999987,1077,12616,13693,1.0892545846533335,0.04624933734611682,True,,005,005_Trial_1_No_Talking,IMU
COUGH,COUGH_005_Trial_1_No_Talking_IMU_seg0002,COUGH_005_Trial_1_No_Talking_IMU_seg0002_c0001,259.529,260.431,0.9019999999999868,90,134,224,0.6671852034956738,0.4534787540407995,True,,005,005_Trial_1_No_Talking,IMU
COUGH,COUGH_005_Trial_1_No_Talking_IMU_seg0002,COUGH_005_Trial_1_No_Talking_IMU_seg0002_c0002,262.46,262.774,0.3140000000000214,32,423,455,1.0346673293273856,0.4534787540407995,True,,005,005_Trial_1_No_Talking,IMU
COUGH,COUGH_005_Trial_1_No_Talking_IMU_seg0002,COUGH_005_Trial_1_No_Talking_IMU_seg0002_c0003,269.496,270.429,0.9329999999999927,93,1117,1210,0.5736675756272154,0.4534787540407995,True,,005,005_Trial_1_No_Talking,IMU
COUGH,COUGH_005_Trial_1_No_Talking_IMU_seg0002,COUGH_005_Trial_1_No_Talking_IMU_seg0002_c0004,278.661,279.574,0.9130000000000109,91,2021,2112,1.2022768703646791,0.4534787540407995,True,,005,005_Trial_1_No_Talking,IMU
COUGH,COUGH_005_Trial_1_No_Talking_IMU_seg0002,COUGH_005_Trial_1_No_Talking_IMU_seg0002_c0005,280.132,281.531,1.399000000000001,139,2166,2305,1.0124724389578432,0.4534787540407995,True,,005,005_Trial_1_No_Talking,IMU
COUGH,COUGH_005_Trial_1_No_Talking_IMU_seg0002,COUGH_005_Trial_1_No_Talking_IMU_seg0002_c0006,282.656,283.204,0.5480000000000018,55,2415,2470,0.6938112784792373,0.4534787540407995,True,,005,005_Trial_1_No_Talking,IMU
COUGH,COUGH_005_Trial_1_No_Talking_IMU_seg0002,COUGH_005_Trial_1_No_Talking_IMU_seg0002_c0007,285.657,286.823,1.1659999999999968,116,2711,2827,1.3882049668926146,0.4534787540407995,True,,005,005_Trial_1_No_Talking,IMU
COUGH,COUGH_005_Trial_1_No_Talking_IMU_seg0002,COUGH_005_Trial_1_No_Talking_IMU_seg0002_c0008,305.174,306.43,1.2560000000000286,125,4636,4761,0.5215331446704733,0.4534787540407995,True,,005,005_Trial_1_No_Talking,IMU
COUGH,COUGH_005_Trial_1_No_Talking_IMU_seg0003,COUGH_005_Trial_1_No_Talking_IMU_seg0003_c0001,14762.624,14766.202,3.57799999999952,354,1371,1725,4.016539746972224,0.45944754992425946,True,,005,005_Trial_1_No_Talking,IMU
COUGH,COUGH_005_Trial_1_No_Talking_IMU_seg0003,COUGH_005_Trial_1_No_Talking_IMU_seg0003_c0002,15086.256,15086.722,0.46600000000034925,47,33291,33338,0.7348123437598237,0.45944754992425946,True,,005,005_Trial_1_No_Talking,IMU
COUGH,COUGH_005_Trial_1_No_Talking_IMU_seg0003,COUGH_005_Trial_1_No_Talking_IMU_seg0003_c0003,15089.55,15090.047,0.4970000000012078,50,33616,33666,0.7156489448373479,0.45944754992425946,True,,005,005_Trial_1_No_Talking,IMU
COUGH,COUGH_005_Trial_1_No_Talking_IMU_seg0003,COUGH_005_Trial_1_No_Talking_IMU_seg0003_c0004,15090.899,15235.135,144.2360000000008,14227,33749,47976,1.810406352718842,0.45944754992425946,True,,005,005_Trial_1_No_Talking,IMU
COUGH,COUGH_005_Trial_2_Talking_IMU_seg0001,COUGH_005_Trial_2_Talking_IMU_seg0001_c0001,10.565,15.068,4.503,445,1042,1487,3.8045319303429657,0.4650155975280158,True,,005,005_Trial_2_Talking,IMU
COUGH,COUGH_005_Trial_2_Talking_IMU_seg0001,COUGH_005_Trial_2_Talking_IMU_seg0001_c0002,56.261,57.113,0.8519999999999968,85,5549,5634,0.5690776352805831,0.4650155975280158,True,,005,005_Trial_2_Talking,IMU
COUGH,COUGH_005_Trial_2_Talking_IMU_seg0001,COUGH_005_Trial_2_Talking_IMU_seg0001_c0003,80.129,80.463,0.333999999999989,34,7903,7937,0.5572792463063401,0.4650155975280158,True,,005,005_Trial_2_Talking,IMU
COUGH,COUGH_005_Trial_2_Talking_IMU_seg0001,COUGH_005_Trial_2_Talking_IMU_seg0001_c0004,338.274,339.662,1.3879999999999768,138,33364,33502,0.7879023394812326,0.4650155975280158,True,,005,005_Trial_2_Talking,IMU
COUGH,COUGH_005_Trial_2_Talking_IMU_seg0001,COUGH_005_Trial_2_Talking_IMU_seg0001_c0005,340.981,476.447,135.466,13362,33631,46993,2.2087674640767676,0.4650155975280158,True,,005,005_Trial_2_Talking,IMU
COUGH,COUGH_005_Trial_2_Talking_IMU_seg0001,COUGH_005_Trial_2_Talking_IMU_seg0001_c0006,511.01,512.612,1.6019999999999754,159,50401,50560,0.5963937907158219,0.4650155975280158,True,,005,005_Trial_2_Talking,IMU
COUGH,COUGH_005_Trial_2_Talking_IMU_seg0001,COUGH_005_Trial_2_Talking_IMU_seg0001_c0007,519.324,519.78,0.4560000000000173,46,51221,51267,0.6629635968996038,0.4650155975280158,True,,005,005_Trial_2_Talking,IMU
COUGH,COUGH_005_Trial_2_Talking_IMU_seg0001,COUGH_005_Trial_2_Talking_IMU_seg0001_c0008,626.857,627.547,0.6900000000000546,69,61827,61896,1.0575637157232516,0.4650155975280158,True,,005,005_Trial_2_Talking,IMU
COUGH,COUGH_005_Trial_2_Talking_IMU_seg0001,COUGH_005_Trial_2_Talking_IMU_seg0001_c0009,628.114,628.874,0.7599999999999909,76,61951,62027,1.8506370653681843,0.4650155975280158,True,,005,005_Trial_2_Talking,IMU
COUGH,COUGH_005_Trial_2_Talking_IMU_seg0001,COUGH_005_Trial_2_Talking_IMU_seg0001_c0010,666.51,666.916,0.40600000000006276,41,65738,65779,0.5005284990798162,0.4650155975280158,True,,005,005_Trial_2_Talking,IMU
COUGH,COUGH_005_Trial_2_Talking_IMU_seg0001,COUGH_005_Trial_2_Talking_IMU_seg0001_c0011,686.828,687.163,0.3350000000000364,34,67742,67776,0.494998206441265,0.4650155975280158,True,,005,005_Trial_2_Talking,IMU
COUGH,COUGH_005_Trial_3_Nonverbal_IMU_seg0001,COUGH_005_Trial_3_Nonverbal_IMU_seg0001_c0001,8.952,12.217,3.2650000000000006,323,883,1206,3.6923233195061274,0.4644508065216815,True,,005,005_Trial_3_Nonverbal,IMU
COUGH,COUGH_005_Trial_3_Nonverbal_IMU_seg0001,COUGH_005_Trial_3_Nonverbal_IMU_seg0001_c0002,191.066,191.543,0.47700000000000387,48,18845,18893,0.610963526098301,0.4644508065216815,True,,005,005_Trial_3_Nonverbal,IMU
COUGH,COUGH_005_Trial_3_Nonverbal_IMU_seg0001,COUGH_005_Trial_3_Nonverbal_IMU_seg0001_c0003,232.777,233.274,0.4970000000000141,50,22959,23009,0.7300329435562654,0.4644508065216815,True,,005,005_Trial_3_Nonverbal,IMU
COUGH,COUGH_005_Trial_3_Nonverbal_IMU_seg0001,COUGH_005_Trial_3_Nonverbal_IMU_seg0001_c0004,273.87,274.266,0.396000000000015,40,27012,27052,0.5584495234066553,0.4644508065216815,True,,005,005_Trial_3_Nonverbal,IMU
COUGH,COUGH_005_Trial_3_Nonverbal_IMU_seg0001,COUGH_005_Trial_3_Nonverbal_IMU_seg0001_c0005,320.174,320.681,0.507000000000005,51,31579,31630,0.532190166358895,0.4644508065216815,True,,005,005_Trial_3_Nonverbal,IMU
COUGH,COUGH_005_Trial_3_Nonverbal_IMU_seg0001,COUGH_005_Trial_3_Nonverbal_IMU_seg0001_c0006,321.208,457.951,136.743,13488,31681,45169,1.574981499379027,0.4644508065216815,True,,005,005_Trial_3_Nonverbal,IMU
COUGH,COUGH_005_Trial_3_Nonverbal_IMU_seg0001,COUGH_005_Trial_3_Nonverbal_IMU_seg0001_c0007,459.532,461.196,1.664000000000044,165,45324,45489,0.5691345238668929,0.4644508065216815,True,,005,005_Trial_3_Nonverbal,IMU
COUGH,COUGH_006_Trial_1_No_Talking_IMU_seg0001,COUGH_006_Trial_1_No_Talking_IMU_seg0001_c0001,10.686,13.819,3.133000000000001,310,1054,1364,2.31555622179822,0.5796720458742484,True,,006,006_Trial_1_No_Talking,IMU
COUGH,COUGH_006_Trial_1_No_Talking_IMU_seg0001,COUGH_006_Trial_1_No_Talking_IMU_seg0001_c0002,330.14,478.523,148.38300000000004,14635,32560,47195,3.637531611643172,0.5796720458742484,True,,006,006_Trial_1_No_Talking,IMU
COUGH,COUGH_006_Trial_2_Talking_IMU_seg0001,COUGH_006_Trial_2_Talking_IMU_seg0001_c0001,40.903,43.824,2.9209999999999994,289,4034,4323,2.3857622239241754,0.661947815197977,True,,006,006_Trial_2_Talking,IMU
COUGH,COUGH_006_Trial_2_Talking_IMU_seg0001,COUGH_006_Trial_2_Talking_IMU_seg0001_c0002,358.478,512.754,154.276,15216,35354,50570,3.709356240347476,0.661947815197977,True,,006,006_Trial_2_Talking,IMU
COUGH,COUGH_006_Trial_3_Nonverbal_IMU_seg0001,COUGH_006_Trial_3_Nonverbal_IMU_seg0001_c0001,12.329,13.151,0.8219999999999992,82,1216,1298,2.5084012743856117,0.7168862769776952,True,,006,006_Trial_3_Nonverbal,IMU
COUGH,COUGH_006_Trial_3_Nonverbal_IMU_seg0001,COUGH_006_Trial_3_Nonverbal_IMU_seg0001_c0002,13.819,14.449,0.629999999999999,63,1363,1426,1.9728589989066407,0.7168862769776952,True,,006,006_Trial_3_Nonverbal,IMU
COUGH,COUGH_006_Trial_3_Nonverbal_IMU_seg0001,COUGH_006_Trial_3_Nonverbal_IMU_seg0001_c0003,15.036,15.755,0.7190000000000012,72,1483,1555,1.9836625191019044,0.7168862769776952,True,,006,006_Trial_3_Nonverbal,IMU
COUGH,COUGH_006_Trial_3_Nonverbal_IMU_seg0001,COUGH_006_Trial_3_Nonverbal_IMU_seg0001_c0004,196.229,196.533,0.3039999999999736,31,19353,19384,1.0354740125535578,0.7168862769776952,True,,006,006_Trial_3_Nonverbal,IMU
COUGH,COUGH_006_Trial_3_Nonverbal_IMU_seg0001,COUGH_006_Trial_3_Nonverbal_IMU_seg0001_c0005,328.721,464.906,136.185,13432,32420,45852,4.3545787478777225,0.7168862769776952,True,,006,006_Trial_3_Nonverbal,IMU
COUGH,COUGH_007_Trial_1_No_Talking_IMU_seg0001,COUGH_007_Trial_1_No_Talking_IMU_seg0001_c0001,43.732,48.264,4.532000000000004,448,4313,4761,3.587044597205692,0.47738243203617886,True,,007,007_Trial_1_No_Talking,IMU
COUGH,COUGH_007_Trial_1_No_Talking_IMU_seg0001,COUGH_007_Trial_1_No_Talking_IMU_seg0001_c0002,307.424,307.779,0.3550000000000182,36,30320,30356,0.5940299389333431,0.47738243203617886,True,,007,007_Trial_1_No_Talking,IMU
COUGH,COUGH_007_Trial_1_No_Talking_IMU_seg0001,COUGH_007_Trial_1_No_Talking_IMU_seg0001_c0003,356.549,495.692,139.14300000000003,13724,35165,48889,2.6798461655302632,0.47738243203617886,True,,007,007_Trial_1_No_Talking,IMU
COUGH,COUGH_007_Trial_1_No_Talking_IMU_seg0001,COUGH_007_Trial_1_No_Talking_IMU_seg0001_c0004,652.528,652.934,0.40599999999994907,41,64356,64397,0.975974169107165,0.47738243203617886,True,,007,007_Trial_1_No_Talking,IMU
COUGH,COUGH_007_Trial_2_Talking_IMU_seg0001,COUGH_007_Trial_2_Talking_IMU_seg0001_c0001,8.984,11.934,2.9499999999999993,292,886,1178,2.8123784632117577,0.48801592935221155,True,,007,007_Trial_2_Talking,IMU
COUGH,COUGH_007_Trial_2_Talking_IMU_seg0001,COUGH_007_Trial_2_Talking_IMU_seg0001_c0002,12.573,13.749,1.1760000000000002,117,1240,1357,2.787351217422314,0.48801592935221155,True,,007,007_Trial_2_Talking,IMU
COUGH,COUGH_007_Trial_2_Talking_IMU_seg0001,COUGH_007_Trial_2_Talking_IMU_seg0001_c0003,333.067,333.372,0.3050000000000068,31,32849,32880,0.6142454061681409,0.48801592935221155,True,,007,007_Trial_2_Talking,IMU
COUGH,COUGH_007_Trial_2_Talking_IMU_seg0001,COUGH_007_Trial_2_Talking_IMU_seg0001_c0004,333.929,463.105,129.17600000000004,12741,32934,45675,2.96293896500739,0.48801592935221155,True,,007,007_Trial_2_Talking,IMU
COUGH,COUGH_007_Trial_2_Talking_IMU_seg0001,COUGH_007_Trial_2_Talking_IMU_seg0001_c0005,467.627,468.743,1.1159999999999854,111,46120,46231,0.5969888143623348,0.48801592935221155,True,,007,007_Trial_2_Talking,IMU
COUGH,COUGH_007_Trial_2_Talking_IMU_seg0001,COUGH_007_Trial_2_Talking_IMU_seg0001_c0006,617.191,618.844,1.65300000000002,164,60871,61035,1.3600774228719652,0.48801592935221155,True,,007,007_Trial_2_Talking,IMU
COUGH,COUGH_007_Trial_3_Nonverbal_IMU_seg0001,COUGH_007_Trial_3_Nonverbal_IMU_seg0001_c0001,17.054,18.301,1.2469999999999999,124,1682,1806,3.0013066739128376,0.5457728084998178,True,,007,007_Trial_3_Nonverbal,IMU
COUGH,COUGH_007_Trial_3_Nonverbal_IMU_seg0001,COUGH_007_Trial_3_Nonverbal_IMU_seg0001_c0002,19.032,20.076,1.0440000000000005,104,1877,1981,3.0164229596558036,0.5457728084998178,True,,007,007_Trial_3_Nonverbal,IMU
COUGH,COUGH_007_Trial_3_Nonverbal_IMU_seg0001,COUGH_007_Trial_3_Nonverbal_IMU_seg0001_c0003,20.968,22.266,1.2979999999999983,129,2068,2197,4.074723672799321,0.5457728084998178,True,,007,007_Trial_3_Nonverbal,IMU
COUGH,COUGH_007_Trial_3_Nonverbal_IMU_seg0001,COUGH_007_Trial_3_Nonverbal_IMU_seg0001_c0004,337.361,337.868,0.507000000000005,51,33273,33324,0.622216237971423,0.5457728084998178,True,,007,007_Trial_3_Nonverbal,IMU
COUGH,COUGH_007_Trial_3_Nonverbal_IMU_seg0001,COUGH_007_Trial_3_Nonverbal_IMU_seg0001_c0005,338.395,338.912,0.5169999999999959,52,33375,33427,0.6502870598573629,0.5457728084998178,True,,007,007_Trial_3_Nonverbal,IMU
COUGH,COUGH_007_Trial_3_Nonverbal_IMU_seg0001,COUGH_007_Trial_3_Nonverbal_IMU_seg0001_c0006,339.45,339.977,0.5269999999999868,53,33479,33532,0.6475508377353723,0.5457728084998178,True,,007,007_Trial_3_Nonverbal,IMU
COUGH,COUGH_007_Trial_3_Nonverbal_IMU_seg0001,COUGH_007_Trial_3_Nonverbal_IMU_seg0001_c0007,340.515,341.57,1.0550000000000068,105,33584,33689,0.7355523677984389,0.5457728084998178,True,,007,007_Trial_3_Nonverbal,IMU
COUGH,COUGH_007_Trial_3_Nonverbal_IMU_seg0001,COUGH_007_Trial_3_Nonverbal_IMU_seg0001_c0008,343.303,344.013,0.7099999999999795,71,33859,33930,0.7344083040839685,0.5457728084998178,True,,007,007_Trial_3_Nonverbal,IMU
COUGH,COUGH_007_Trial_3_Nonverbal_IMU_seg0001,COUGH_007_Trial_3_Nonverbal_IMU_seg0001_c0009,346.456,468.085,121.62899999999996,11997,34170,46167,3.013395298379821,0.5457728084998178,True,,007,007_Trial_3_Nonverbal,IMU
COUGH,COUGH_007_Trial_3_Nonverbal_IMU_seg0001,COUGH_007_Trial_3_Nonverbal_IMU_seg0001_c0010,481.278,481.723,0.4449999999999932,45,47467,47512,0.9357745417690997,0.5457728084998178,True,,007,007_Trial_3_Nonverbal,IMU
COUGH,COUGH_007_Trial_3_Nonverbal_IMU_seg0001,COUGH_007_Trial_3_Nonverbal_IMU_seg0001_c0011,640.685,641.404,0.7190000000000509,72,63189,63261,1.1492344035794175,0.5457728084998178,True,,007,007_Trial_3_Nonverbal,IMU
COUGH,COUGH_008_Trial_1_No_Talking_IMU_seg0001,COUGH_008_Trial_1_No_Talking_IMU_seg0001_c0001,18.283,21.729,3.445999999999998,341,1803,2144,2.703350435737614,0.6286375769221589,True,,008,008_Trial_1_No_Talking,IMU
COUGH,COUGH_008_Trial_1_No_Talking_IMU_seg0001,COUGH_008_Trial_1_No_Talking_IMU_seg0001_c0002,343.418,480.608,137.19,13531,33869,47400,2.2335004019471287,0.6286375769221589,True,,008,008_Trial_1_No_Talking,IMU
COUGH,COUGH_008_Trial_2_Talking_IMU_seg0001,COUGH_008_Trial_2_Talking_IMU_seg0001_c0001,11.761,14.997,3.2360000000000007,320,1160,1480,2.8933495427146263,0.657190532117464,True,,008,008_Trial_2_Talking,IMU
COUGH,COUGH_008_Trial_2_Talking_IMU_seg0001,COUGH_008_Trial_2_Talking_IMU_seg0001_c0002,335.697,467.079,131.382,12958,33107,46065,2.183365319753337,0.657190532117464,True,,008,008_Trial_2_Talking,IMU
COUGH,COUGH_008_Trial_3_Nonverbal_IMU_seg0001,COUGH_008_Trial_3_Nonverbal_IMU_seg0001_c0001,8.934,11.773,2.8390000000000004,281,881,1162,2.5995127313838067,0.5833528042035983,True,,008,008_Trial_3_Nonverbal,IMU
COUGH,COUGH_008_Trial_3_Nonverbal_IMU_seg0001,COUGH_008_Trial_3_Nonverbal_IMU_seg0001_c0002,154.643,154.938,0.2949999999999875,30,15251,15281,1.1044080064648052,0.5833528042035983,True,,008,008_Trial_3_Nonverbal,IMU
COUGH,COUGH_008_Trial_3_Nonverbal_IMU_seg0001,COUGH_008_Trial_3_Nonverbal_IMU_seg0001_c0003,317.276,452.389,135.113,13326,31290,44616,2.675324631116277,0.5833528042035983,True,,008,008_Trial_3_Nonverbal,IMU
COUGH,COUGH_008_Trial_3_Nonverbal_IMU_seg0001,COUGH_008_Trial_3_Nonverbal_IMU_seg0001_c0004,452.937,453.514,0.5769999999999982,58,44669,44727,0.7114369517625423,0.5833528042035983,True,,008,008_Trial_3_Nonverbal,IMU
COUGH,COUGH_009_Trial_1_No_Talking_IMU_seg0001,COUGH_009_Trial_1_No_Talking_IMU_seg0001_c0001,8.951,12.276,3.3249999999999993,329,883,1212,4.348861517457125,0.3500811404541952,True,,009,009_Trial_1_No_Talking,IMU
COUGH,COUGH_009_Trial_1_No_Talking_IMU_seg0001,COUGH_009_Trial_1_No_Talking_IMU_seg0001_c0002,13.129,14.192,1.0630000000000006,106,1295,1401,0.8697087751201705,0.3500811404541952,True,,009,009_Trial_1_No_Talking,IMU
COUGH,COUGH_009_Trial_1_No_Talking_IMU_seg0001,COUGH_009_Trial_1_No_Talking_IMU_seg0001_c0003,167.204,168.107,0.9029999999999916,90,16492,16582,0.6823829655308074,0.3500811404541952,True,,009,009_Trial_1_No_Talking,IMU
COUGH,COUGH_009_Trial_1_No_Talking_IMU_seg0001,COUGH_009_Trial_1_No_Talking_IMU_seg0001_c0004,169.069,169.485,0.41600000000002524,42,16676,16718,0.7624549675019981,0.3500811404541952,True,,009,009_Trial_1_No_Talking,IMU
COUGH,COUGH_009_Trial_1_No_Talking_IMU_seg0001,COUGH_009_Trial_1_No_Talking_IMU_seg0001_c0005,329.617,330.206,0.5889999999999986,59,32511,32570,0.47755057574152554,0.3500811404541952,True,,009,009_Trial_1_No_Talking,IMU
COUGH,COUGH_009_Trial_1_No_Talking_IMU_seg0001,COUGH_009_Trial_1_No_Talking_IMU_seg0001_c0006,331.858,332.425,0.5670000000000073,57,32732,32789,0.7347024481077568,0.3500811404541952,True,,009,009_Trial_1_No_Talking,IMU
COUGH,COUGH_009_Trial_1_No_Talking_IMU_seg0001,COUGH_009_Trial_1_No_Talking_IMU_seg0001_c0007,333.439,481.164,147.72499999999997,14571,32888,47459,2.0426321614985143,0.3500811404541952,True,,009,009_Trial_1_No_Talking,IMU
COUGH,COUGH_009_Trial_1_No_Talking_IMU_seg0001,COUGH_009_Trial_1_No_Talking_IMU_seg0001_c0008,489.58,490.27,0.6899999999999977,69,48288,48357,0.6822864598520412,0.3500811404541952,True,,009,009_Trial_1_No_Talking,IMU
COUGH,COUGH_009_Trial_1_No_Talking_IMU_seg0001,COUGH_009_Trial_1_No_Talking_IMU_seg0001_c0009,492.835,493.514,0.6790000000000305,68,48609,48677,0.44432792930967274,0.3500811404541952,True,,009,009_Trial_1_No_Talking,IMU
COUGH,COUGH_009_Trial_1_No_Talking_IMU_seg0001,COUGH_009_Trial_1_No_Talking_IMU_seg0001_c0010,508.661,509.209,0.5480000000000018,55,50170,50225,0.4027604945519222,0.3500811404541952,True,,009,009_Trial_1_No_Talking,IMU
COUGH,COUGH_009_Trial_1_No_Talking_IMU_seg0001,COUGH_009_Trial_1_No_Talking_IMU_seg0001_c0011,624.855,625.889,1.0339999999999918,103,61630,61733,0.9722311294863595,0.3500811404541952,True,,009,009_Trial_1_No_Talking,IMU
COUGH,COUGH_009_Trial_1_No_Talking_IMU_seg0001,COUGH_009_Trial_1_No_Talking_IMU_seg0001_c0012,626.487,627.257,0.7699999999999818,77,61791,61868,0.5690974226758531,0.3500811404541952,True,,009,009_Trial_1_No_Talking,IMU
COUGH,COUGH_009_Trial_2_Talking_IMU_seg0001,COUGH_009_Trial_2_Talking_IMU_seg0001_c0001,0.02,0.618,0.598,60,2,62,0.050482550572550036,0.044188013851655945,True,,009,009_Trial_2_Talking,IMU
COUGH,COUGH_009_Trial_2_Talking_IMU_seg0001,COUGH_009_Trial_2_Talking_IMU_seg0001_c0002,5.871,6.378,0.5069999999999997,51,579,630,0.0614029255871694,0.044188013851655945,True,,009,009_Trial_2_Talking,IMU
COUGH,COUGH_009_Trial_2_Talking_IMU_seg0001,COUGH_009_Trial_2_Talking_IMU_seg0001_c0003,19.923,24.08,4.157,411,1965,2376,0.38812970305542444,0.044188013851655945,True,,009,009_Trial_2_Talking,IMU
COUGH,COUGH_009_Trial_2_Talking_IMU_seg0001,COUGH_009_Trial_2_Talking_IMU_seg0001_c0004,26.322,39.127,12.805000000000003,1264,2596,3860,4.355671118820871,0.044188013851655945,True,,009,009_Trial_2_Talking,IMU
COUGH,COUGH_009_Trial_2_Talking_IMU_seg0001,COUGH_009_Trial_2_Talking_IMU_seg0001_c0005,39.655,47.563,7.908000000000001,781,3911,4692,0.30441866194390893,0.044188013851655945,True,,009,009_Trial_2_Talking,IMU
COUGH,COUGH_009_Trial_2_Talking_IMU_seg0001,COUGH_009_Trial_2_Talking_IMU_seg0001_c0006,48.395,49.358,0.9629999999999939,96,4773,4869,0.05572277158606987,0.044188013851655945,True,,009,009_Trial_2_Talking,IMU
COUGH,COUGH_009_Trial_2_Talking_IMU_seg0001,COUGH_009_Trial_2_Talking_IMU_seg0001_c0007,50.27,50.758,0.48799999999999955,49,4958,5007,0.04814727022261613,0.044188013851655945,True,,009,009_Trial_2_Talking,IMU
COUGH,COUGH_009_Trial_2_Talking_IMU_seg0001,COUGH_009_Trial_2_Talking_IMU_seg0001_c0008,53.434,53.881,0.44700000000000273,45,5270,5315,0.0579667658481024,0.044188013851655945,True,,009,009_Trial_2_Talking,IMU
COUGH,COUGH_009_Trial_2_Talking_IMU_seg0001,COUGH_009_Trial_2_Talking_IMU_seg0001_c0009,57.206,58.727,1.5209999999999937,151,5642,5793,0.06005951654537904,0.044188013851655945,True,,009,009_Trial_2_Talking,IMU
COUGH,COUGH_009_Trial_2_Talking_IMU_seg0001,COUGH_009_Trial_2_Talking_IMU_seg0001_c0010,64.101,65.196,1.0949999999999989,109,6322,6431,0.15007462992377602,0.044188013851655945,True,,009,009_Trial_2_Talking,IMU
COUGH,COUGH_009_Trial_2_Talking_IMU_seg0001,COUGH_009_Trial_2_Talking_IMU_seg0001_c0011,80.516,81.114,0.597999999999999,60,7941,8001,0.14839181209809518,0.044188013851655945,True,,009,009_Trial_2_Talking,IMU
COUGH,COUGH_009_Trial_2_Talking_IMU_seg0001,COUGH_009_Trial_2_Talking_IMU_seg0001_c0012,94.291,95.142,0.8509999999999991,85,9302,9387,0.10790873263163635,0.044188013851655945,True,,009,009_Trial_2_Talking,IMU
COUGH,COUGH_009_Trial_2_Talking_IMU_seg0001,COUGH_009_Trial_2_Talking_IMU_seg0001_c0013,102.686,103.172,0.48599999999999,49,10130,10179,0.21851584998213883,0.044188013851655945,True,,009,009_Trial_2_Talking,IMU
COUGH,COUGH_009_Trial_2_Talking_IMU_seg0001,COUGH_009_Trial_2_Talking_IMU_seg0001_c0014,103.963,105.626,1.663000000000011,165,10256,10421,0.06942692672653929,0.044188013851655945,True,,009,009_Trial_2_Talking,IMU
COUGH,COUGH_009_Trial_2_Talking_IMU_seg0001,COUGH_009_Trial_2_Talking_IMU_seg0001_c0015,113.271,113.808,0.5370000000000061,54,11174,11228,0.05443960988401838,0.044188013851655945,True,,009,009_Trial_2_Talking,IMU
COUGH,COUGH_009_Trial_2_Talking_IMU_seg0001,COUGH_009_Trial_2_Talking_IMU_seg0001_c0016,118.169,118.777,0.6080000000000041,61,11657,11718,0.05254191982573166,0.044188013851655945,True,,009,009_Trial_2_Talking,IMU
COUGH,COUGH_009_Trial_2_Talking_IMU_seg0001,COUGH_009_Trial_2_Talking_IMU_seg0001_c0017,121.231,122.335,1.1039999999999992,110,11959,12069,0.14227097530953656,0.044188013851655945,True,,009,009_Trial_2_Talking,IMU
COUGH,COUGH_009_Trial_2_Talking_IMU_seg0001,COUGH_009_Trial_2_Talking_IMU_seg0001_c0018,123.238,123.765,0.527000000000001,53,12157,12210,0.05363336401452639,0.044188013851655945,True,,009,009_Trial_2_Talking,IMU
COUGH,COUGH_009_Trial_2_Talking_IMU_seg0001,COUGH_009_Trial_2_Talking_IMU_seg0001_c0019,139.502,140.861,1.3589999999999804,135,13761,13896,0.1709306018034861,0.044188013851655945,True,,009,009_Trial_2_Talking,IMU
COUGH,COUGH_009_Trial_2_Talking_IMU_seg0001,COUGH_009_Trial_2_Talking_IMU_seg0001_c0020,147.451,147.938,0.48699999999999477,49,14545,14594,0.048992814299842986,0.044188013851655945,True,,009,009_Trial_2_Talking,IMU
COUGH,COUGH_009_Trial_2_Talking_IMU_seg0001,COUGH_009_Trial_2_Talking_IMU_seg0001_c0021,155.309,156.405,1.0960000000000036,109,15320,15429,0.2188290801319055,0.044188013851655945,True,,009,009_Trial_2_Talking,IMU
COUGH,COUGH_009_Trial_2_Talking_IMU_seg0002,COUGH_009_Trial_2_Talking_IMU_seg0002_c0001,559.808,562.869,3.0610000000000355,303,1225,1528,3.583146968711237,0.4455304325785969,True,,009,009_Trial_2_Talking,IMU
COUGH,COUGH_009_Trial_2_Talking_IMU_seg0002,COUGH_009_Trial_2_Talking_IMU_seg0002_c0002,698.394,699.873,1.4790000000000418,147,14893,15040,0.9195295883291839,0.4455304325785969,True,,009,009_Trial_2_Talking,IMU
COUGH,COUGH_009_Trial_2_Talking_IMU_seg0002,COUGH_009_Trial_2_Talking_IMU_seg0002_c0003,862.175,1001.217,139.04200000000003,13714,31046,44760,2.3023179025896865,0.4455304325785969,True,,009,009_Trial_2_Talking,IMU
COUGH,COUGH_009_Trial_2_Talking_IMU_seg0002,COUGH_009_Trial_2_Talking_IMU_seg0002_c0004,1141.2,1141.666,0.4659999999998945,47,58565,58612,2.022518495850471,0.4455304325785969,True,,009,009_Trial_2_Talking,IMU
COUGH,COUGH_009_Trial_3_Nonverbal_IMU_seg0001,COUGH_009_Trial_3_Nonverbal_IMU_seg0001_c0001,9.633,12.674,3.0410000000000004,301,950,1251,4.131589728672003,0.4097325950739197,True,,009,009_Trial_3_Nonverbal,IMU
COUGH,COUGH_009_Trial_3_Nonverbal_IMU_seg0001,COUGH_009_Trial_3_Nonverbal_IMU_seg0001_c0002,159.998,162.076,2.078000000000003,206,15780,15986,0.8747081233191806,0.4097325950739197,True,,009,009_Trial_3_Nonverbal,IMU
COUGH,COUGH_009_Trial_3_Nonverbal_IMU_seg0001,COUGH_009_Trial_3_Nonverbal_IMU_seg0001_c0003,321.375,321.963,0.5880000000000223,59,31696,31755,0.5550004582320612,0.4097325950739197,True,,009,009_Trial_3_Nonverbal,IMU
COUGH,COUGH_009_Trial_3_Nonverbal_IMU_seg0001,COUGH_009_Trial_3_Nonverbal_IMU_seg0001_c0004,323.038,466.711,143.673,14171,31860,46031,2.515843829023307,0.4097325950739197,True,,009,009_Trial_3_Nonverbal,IMU
COUGH,COUGH_009_Trial_3_Nonverbal_IMU_seg0001,COUGH_009_Trial_3_Nonverbal_IMU_seg0001_c0005,467.239,467.817,0.5780000000000314,58,46082,46140,0.5592560897308594,0.4097325950739197,True,,009,009_Trial_3_Nonverbal,IMU
COUGH,COUGH_009_Trial_3_Nonverbal_IMU_seg0001,COUGH_009_Trial_3_Nonverbal_IMU_seg0001_c0006,482.57,483.32,0.75,75,47594,47669,0.5777839729468648,0.4097325950739197,True,,009,009_Trial_3_Nonverbal,IMU
COUGH,COUGH_009_Trial_3_Nonverbal_IMU_seg0001,COUGH_009_Trial_3_Nonverbal_IMU_seg0001_c0007,483.857,484.556,0.6989999999999554,70,47721,47791,0.4944022675627539,0.4097325950739197,True,,009,009_Trial_3_Nonverbal,IMU
COUGH,COUGH_009_Trial_3_Nonverbal_IMU_seg0001,COUGH_009_Trial_3_Nonverbal_IMU_seg0001_c0008,543.11,543.476,0.36599999999998545,37,53565,53602,0.5972968135076041,0.4097325950739197,True,,009,009_Trial_3_Nonverbal,IMU
COUGH,COUGH_009_Trial_3_Nonverbal_IMU_seg0001,COUGH_009_Trial_3_Nonverbal_IMU_seg0001_c0009,607.556,608.143,0.5869999999999891,59,59921,59980,1.2698071137743634,0.4097325950739197,True,,009,009_Trial_3_Nonverbal,IMU
COUGH,COUGH_009_Trial_3_Nonverbal_IMU_seg0001,COUGH_009_Trial_3_Nonverbal_IMU_seg0001_c0010,608.712,609.553,0.8410000000000082,84,60035,60119,0.624889744090568,0.4097325950739197,True,,009,009_Trial_3_Nonverbal,IMU
COUGH,COUGH_010_Trial_1_No_Talking_IMU_seg0001,COUGH_010_Trial_1_No_Talking_IMU_seg0001_c0001,13.667,15.857,2.1899999999999995,217,1348,1565,2.109220035001917,0.46506609901511436,True,,010,010_Trial_1_No_Talking,IMU
COUGH,COUGH_010_Trial_1_No_Talking_IMU_seg0001,COUGH_010_Trial_1_No_Talking_IMU_seg0001_c0002,16.394,17.225,0.8310000000000031,83,1617,1700,2.279075781874046,0.46506609901511436,True,,010,010_Trial_1_No_Talking,IMU
COUGH,COUGH_010_Trial_1_No_Talking_IMU_seg0001,COUGH_010_Trial_1_No_Talking_IMU_seg0001_c0003,326.143,329.783,3.640000000000043,360,32168,32528,0.7372808535701245,0.46506609901511436,True,,010,010_Trial_1_No_Talking,IMU
COUGH,COUGH_010_Trial_1_No_Talking_IMU_seg0001,COUGH_010_Trial_1_No_Talking_IMU_seg0001_c0004,330.31,468.239,137.92899999999997,13605,32579,46184,2.253085108511369,0.46506609901511436,True,,010,010_Trial_1_No_Talking,IMU
COUGH,COUGH_010_Trial_2_Talking_IMU_seg0001,COUGH_010_Trial_2_Talking_IMU_seg0001_c0001,12.217,13.028,0.8109999999999999,81,1205,1286,1.9084270194086506,0.5215439751902327,True,,010,010_Trial_2_Talking,IMU
COUGH,COUGH_010_Trial_2_Talking_IMU_seg0001,COUGH_010_Trial_2_Talking_IMU_seg0001_c0002,13.636,14.406,0.7700000000000014,77,1345,1422,2.0244106384312897,0.5215439751902327,True,,010,010_Trial_2_Talking,IMU
COUGH,COUGH_010_Trial_2_Talking_IMU_seg0001,COUGH_010_Trial_2_Talking_IMU_seg0001_c0003,15.066,15.887,0.8209999999999997,82,1486,1568,2.086630232577704,0.5215439751902327,True,,010,010_Trial_2_Talking,IMU
COUGH,COUGH_010_Trial_2_Talking_IMU_seg0001,COUGH_010_Trial_2_Talking_IMU_seg0001_c0004,330.911,331.945,1.0339999999999918,103,32638,32741,0.5728265391892572,0.5215439751902327,True,,010,010_Trial_2_Talking,IMU
COUGH,COUGH_010_Trial_2_Talking_IMU_seg0001,COUGH_010_Trial_2_Talking_IMU_seg0001_c0005,333.304,472.135,138.83100000000002,13694,32874,46568,2.3129059738225877,0.5215439751902327,True,,010,010_Trial_2_Talking,IMU
COUGH,COUGH_010_Trial_2_Talking_IMU_seg0001,COUGH_010_Trial_2_Talking_IMU_seg0001_c0006,474.183,474.7,0.5169999999999959,52,46769,46821,0.547933558158776,0.5215439751902327,True,,010,010_Trial_2_Talking,IMU
COUGH,COUGH_010_Trial_3_Nonverbal_IMU_seg0001,COUGH_010_Trial_3_Nonverbal_IMU_seg0001_c0001,14.854,15.655,0.8010000000000002,80,1465,1545,2.1286209702048904,0.5134232693756975,True,,010,010_Trial_3_Nonverbal,IMU
COUGH,COUGH_010_Trial_3_Nonverbal_IMU_seg0001,COUGH_010_Trial_3_Nonverbal_IMU_seg0001_c0002,16.283,17.216,0.9329999999999998,93,1606,1699,2.3528046097044033,0.5134232693756975,True,,010,010_Trial_3_Nonverbal,IMU
COUGH,COUGH_010_Trial_3_Nonverbal_IMU_seg0001,COUGH_010_Trial_3_Nonverbal_IMU_seg0001_c0003,17.744,18.727,0.9830000000000005,98,1750,1848,2.127526754222648,0.5134232693756975,True,,010,010_Trial_3_Nonverbal,IMU
COUGH,COUGH_010_Trial_3_Nonverbal_IMU_seg0001,COUGH_010_Trial_3_Nonverbal_IMU_seg0001_c0004,319.61,322.185,2.5749999999999886,255,31523,31778,0.6217882323720867,0.5134232693756975,True,,010,010_Trial_3_Nonverbal,IMU
COUGH,COUGH_010_Trial_3_Nonverbal_IMU_seg0001,COUGH_010_Trial_3_Nonverbal_IMU_seg0001_c0005,322.723,456.374,133.651,13183,31830,45013,2.4973908886204526,0.5134232693756975,True,,010,010_Trial_3_Nonverbal,IMU
COUGH,COUGH_011_Trial_1_No_Talking_IMU_seg0001,COUGH_011_Trial_1_No_Talking_IMU_seg0001_c0001,11.883,12.785,0.902000000000001,90,1172,1262,3.7530336884472897,0.4218579248638485,True,,011,011_Trial_1_No_Talking,IMU
COUGH,COUGH_011_Trial_1_No_Talking_IMU_seg0001,COUGH_011_Trial_1_No_Talking_IMU_seg0001_c0002,13.496,14.59,1.0939999999999994,109,1331,1440,4.399872705398519,0.4218579248638485,True,,011,011_Trial_1_No_Talking,IMU
COUGH,COUGH_011_Trial_1_No_Talking_IMU_seg0001,COUGH_011_Trial_1_No_Talking_IMU_seg0001_c0003,15.199,16.324,1.1250000000000018,112,1499,1611,4.491358161781017,0.4218579248638485,True,,011,011_Trial_1_No_Talking,IMU
COUGH,COUGH_011_Trial_1_No_Talking_IMU_seg0001,COUGH_011_Trial_1_No_Talking_IMU_seg0001_c0004,338.357,473.697,135.33999999999997,13349,33371,46720,2.45017432924735,0.4218579248638485,True,,011,011_Trial_1_No_Talking,IMU
COUGH,COUGH_011_Trial_1_No_Talking_IMU_seg0001,COUGH_011_Trial_1_No_Talking_IMU_seg0001_c0005,474.284,475.664,1.3799999999999955,137,46777,46914,0.692394308312576,0.4218579248638485,True,,011,011_Trial_1_No_Talking,IMU
COUGH,COUGH_011_Trial_1_No_Talking_IMU_seg0001,COUGH_011_Trial_1_No_Talking_IMU_seg0001_c0006,477.164,477.479,0.3149999999999977,32,47061,47093,0.5108332967733278,0.4218579248638485,True,,011,011_Trial_1_No_Talking,IMU
COUGH,COUGH_011_Trial_1_No_Talking_IMU_seg0001,COUGH_011_Trial_1_No_Talking_IMU_seg0001_c0007,478.198,478.725,0.5270000000000437,53,47163,47216,0.546039945222951,0.4218579248638485,True,,011,011_Trial_1_No_Talking,IMU
COUGH,COUGH_011_Trial_1_No_Talking_IMU_seg0001,COUGH_011_Trial_1_No_Talking_IMU_seg0001_c0008,479.263,479.588,0.3250000000000455,33,47268,47301,0.48211833506631613,0.4218579248638485,True,,011,011_Trial_1_No_Talking,IMU
COUGH,COUGH_011_Trial_1_No_Talking_IMU_seg0001,COUGH_011_Trial_1_No_Talking_IMU_seg0001_c0009,623.719,624.368,0.6490000000000009,65,61515,61580,1.6514897708359255,0.4218579248638485,True,,011,011_Trial_1_No_Talking,IMU
COUGH,COUGH_011_Trial_2_Talking_IMU_seg0001,COUGH_011_Trial_2_Talking_IMU_seg0001_c0001,11.133,12.167,1.0340000000000007,103,1098,1201,3.648616448667358,0.4366233138201293,True,,011,011_Trial_2_Talking,IMU
COUGH,COUGH_011_Trial_2_Talking_IMU_seg0001,COUGH_011_Trial_2_Talking_IMU_seg0001_c0002,12.927,14.013,1.0860000000000003,108,1275,1383,4.251058482175678,0.4366233138201293,True,,011,011_Trial_2_Talking,IMU
COUGH,COUGH_011_Trial_2_Talking_IMU_seg0001,COUGH_011_Trial_2_Talking_IMU_seg0001_c0003,14.722,15.869,1.1470000000000002,114,1452,1566,4.055822691574577,0.4366233138201293,True,,011,011_Trial_2_Talking,IMU
COUGH,COUGH_011_Trial_2_Talking_IMU_seg0001,COUGH_011_Trial_2_Talking_IMU_seg0001_c0004,312.057,313.365,1.3079999999999927,130,30776,30906,0.5525281643007912,0.4366233138201293,True,,011,011_Trial_2_Talking,IMU
COUGH,COUGH_011_Trial_2_Talking_IMU_seg0001,COUGH_011_Trial_2_Talking_IMU_seg0001_c0005,314.896,445.991,131.09499999999997,12930,31056,43986,2.876827864974731,0.4366233138201293,True,,011,011_Trial_2_Talking,IMU
COUGH,COUGH_011_Trial_2_Talking_IMU_seg0001,COUGH_011_Trial_2_Talking_IMU_seg0001_c0006,446.578,447.056,0.47800000000000864,48,44043,44091,0.4987851163806557,0.4366233138201293,True,,011,011_Trial_2_Talking,IMU
COUGH,COUGH_011_Trial_2_Talking_IMU_seg0001,COUGH_011_Trial_2_Talking_IMU_seg0001_c0007,604.828,605.304,0.4759999999999991,48,59650,59698,1.5988323755611689,0.4366233138201293,True,,011,011_Trial_2_Talking,IMU
COUGH,COUGH_011_Trial_3_Nonverbal_IMU_seg0001,COUGH_011_Trial_3_Nonverbal_IMU_seg0001_c0001,0.669,3.061,2.392,237,66,303,0.2770768114028338,0.08985665262193493,True,,011,011_Trial_3_Nonverbal,IMU
COUGH,COUGH_011_Trial_3_Nonverbal_IMU_seg0001,COUGH_011_Trial_3_Nonverbal_IMU_seg0001_c0002,7.057,7.584,0.5269999999999992,53,696,749,0.15670864612122806,0.08985665262193493,True,,011,011_Trial_3_Nonverbal,IMU
COUGH,COUGH_011_Trial_3_Nonverbal_IMU_seg0001,COUGH_011_Trial_3_Nonverbal_IMU_seg0001_c0003,8.78,9.399,0.6189999999999998,62,866,928,0.21639281511291758,0.08985665262193493,True,,011,011_Trial_3_Nonverbal,IMU
COUGH,COUGH_011_Trial_3_Nonverbal_IMU_seg0001,COUGH_011_Trial_3_Nonverbal_IMU_seg0001_c0004,23.808,31.494,7.686,759,2348,3107,4.391253309570799,0.08985665262193493,True,,011,011_Trial_3_Nonverbal,IMU
COUGH,COUGH_011_Trial_3_Nonverbal_IMU_seg0001,COUGH_011_Trial_3_Nonverbal_IMU_seg0001_c0005,32.487,33.125,0.6379999999999981,64,3204,3268,0.13704298052824251,0.08985665262193493,True,,011,011_Trial_3_Nonverbal,IMU
COUGH,COUGH_011_Trial_3_Nonverbal_IMU_seg0001,COUGH_011_Trial_3_Nonverbal_IMU_seg0001_c0006,45.01,45.566,0.5560000000000045,56,4439,4495,0.09411070877833412,0.08985665262193493,True,,011,011_Trial_3_Nonverbal,IMU
COUGH,COUGH_011_Trial_3_Nonverbal_IMU_seg0001,COUGH_011_Trial_3_Nonverbal_IMU_seg0001_c0007,48.224,50.778,2.554000000000002,253,4756,5009,0.23827368020385545,0.08985665262193493,True,,011,011_Trial_3_Nonverbal,IMU
COUGH,COUGH_011_Trial_3_Nonverbal_IMU_seg0001,COUGH_011_Trial_3_Nonverbal_IMU_seg0001_c0008,51.347,53.679,2.3320000000000007,231,5064,5295,0.19901809919847321,0.08985665262193493,True,,011,011_Trial_3_Nonverbal,IMU
COUGH,COUGH_011_Trial_3_Nonverbal_IMU_seg0001,COUGH_011_Trial_3_Nonverbal_IMU_seg0001_c0009,54.915,55.25,0.33500000000000085,34,5416,5450,0.11945135458577108,0.08985665262193493,True,,011,011_Trial_3_Nonverbal,IMU
COUGH,COUGH_011_Trial_3_Nonverbal_IMU_seg0001,COUGH_011_Trial_3_Nonverbal_IMU_seg0001_c0010,71.301,71.789,0.48799999999999955,49,7032,7081,0.18110276147904622,0.08985665262193493,True,,011,011_Trial_3_Nonverbal,IMU
COUGH,COUGH_011_Trial_3_Nonverbal_IMU_seg0001,COUGH_011_Trial_3_Nonverbal_IMU_seg0001_c0011,74.881,75.418,0.5370000000000061,54,7385,7439,0.1559663523385794,0.08985665262193493,True,,011,011_Trial_3_Nonverbal,IMU
COUGH,COUGH_011_Trial_3_Nonverbal_IMU_seg0001,COUGH_011_Trial_3_Nonverbal_IMU_seg0001_c0012,91.256,93.112,1.8559999999999945,184,9000,9184,0.2596213255364587,0.08985665262193493,True,,011,011_Trial_3_Nonverbal,IMU
COUGH,COUGH_011_Trial_3_Nonverbal_IMU_seg0001,COUGH_011_Trial_3_Nonverbal_IMU_seg0001_c0013,108.788,109.457,0.6689999999999969,67,10729,10796,0.20836029965416833,0.08985665262193493,True,,011,011_Trial_3_Nonverbal,IMU
COUGH,COUGH_011_Trial_3_Nonverbal_IMU_seg0001,COUGH_011_Trial_3_Nonverbal_IMU_seg0001_c0014,111.941,113.542,1.600999999999999,159,11040,11199,0.2981491252983159,0.08985665262193493,True,,011,011_Trial_3_Nonverbal,IMU
COUGH,COUGH_011_Trial_3_Nonverbal_IMU_seg0001,COUGH_011_Trial_3_Nonverbal_IMU_seg0001_c0015,114.344,116.758,2.4140000000000015,239,11277,11516,0.3101405093207549,0.08985665262193493,True,,011,011_Trial_3_Nonverbal,IMU
COUGH,COUGH_011_Trial_3_Nonverbal_IMU_seg0001,COUGH_011_Trial_3_Nonverbal_IMU_seg0001_c0016,126.125,126.603,0.47799999999999443,48,12439,12487,0.2469074977009369,0.08985665262193493,True,,011,011_Trial_3_Nonverbal,IMU
COUGH,COUGH_011_Trial_3_Nonverbal_IMU_seg0001,COUGH_011_Trial_3_Nonverbal_IMU_seg0001_c0017,130.253,130.771,0.5180000000000007,52,12846,12898,0.2862408630265045,0.08985665262193493,True,,011,011_Trial_3_Nonverbal,IMU
COUGH,COUGH_011_Trial_3_Nonverbal_IMU_seg0001,COUGH_011_Trial_3_Nonverbal_IMU_seg0001_c0018,132.899,134.46,1.561000000000007,155,13107,13262,0.2706077876064429,0.08985665262193493,True,,011,011_Trial_3_Nonverbal,IMU
COUGH,COUGH_011_Trial_3_Nonverbal_IMU_seg0001,COUGH_011_Trial_3_Nonverbal_IMU_seg0001_c0019,135.921,137.188,1.266999999999996,126,13405,13531,0.1775683601740072,0.08985665262193493,True,,011,011_Trial_3_Nonverbal,IMU
COUGH,COUGH_011_Trial_3_Nonverbal_IMU_seg0001,COUGH_011_Trial_3_Nonverbal_IMU_seg0001_c0020,153.534,154.527,0.992999999999995,99,15142,15241,0.25650277760836165,0.08985665262193493,True,,011,011_Trial_3_Nonverbal,IMU
COUGH,COUGH_011_Trial_3_Nonverbal_IMU_seg0001,COUGH_011_Trial_3_Nonverbal_IMU_seg0001_c0021,155.906,156.758,0.8520000000000039,85,15376,15461,0.22119215393530636,0.08985665262193493,True,,011,011_Trial_3_Nonverbal,IMU
COUGH,COUGH_011_Trial_3_Nonverbal_IMU_seg0001,COUGH_011_Trial_3_Nonverbal_IMU_seg0001_c0022,158.188,159.243,1.0550000000000068,105,15601,15706,0.16643937339926876,0.08985665262193493,True,,011,011_Trial_3_Nonverbal,IMU
COUGH,COUGH_011_Trial_3_Nonverbal_IMU_seg0001,COUGH_011_Trial_3_Nonverbal_IMU_seg0001_c0023,167.444,171.105,3.6610000000000014,362,16514,16876,0.5530188040521482,0.08985665262193493,True,,011,011_Trial_3_Nonverbal,IMU
COUGH,COUGH_011_Trial_3_Nonverbal_IMU_seg0001,COUGH_011_Trial_3_Nonverbal_IMU_seg0001_c0024,171.937,172.423,0.48599999999999,49,16957,17006,0.1667662317567832,0.08985665262193493,True,,011,011_Trial_3_Nonverbal,IMU
COUGH,COUGH_011_Trial_3_Nonverbal_IMU_seg0001,COUGH_011_Trial_3_Nonverbal_IMU_seg0001_c0025,177.94,178.325,0.3849999999999909,39,17549,17588,0.11235726114407062,0.08985665262193493,True,,011,011_Trial_3_Nonverbal,IMU
COUGH,COUGH_011_Trial_3_Nonverbal_IMU_seg0001,COUGH_011_Trial_3_Nonverbal_IMU_seg0001_c0026,182.411,183.729,1.318000000000012,131,17990,18121,0.14901265592826757,0.08985665262193493,True,,011,011_Trial_3_Nonverbal,IMU
COUGH,COUGH_011_Trial_3_Nonverbal_IMU_seg0001,COUGH_011_Trial_3_Nonverbal_IMU_seg0001_c0027,184.45,206.625,22.17500000000001,2188,18191,20379,0.42626131580495996,0.08985665262193493,True,,011,011_Trial_3_Nonverbal,IMU
COUGH,COUGH_011_Trial_3_Nonverbal_IMU_seg0002,COUGH_011_Trial_3_Nonverbal_IMU_seg0002_c0001,589.416,590.246,0.8299999999999272,83,965,1048,3.7902279233052942,0.4489021449605544,True,,011,011_Trial_3_Nonverbal,IMU
COUGH,COUGH_011_Trial_3_Nonverbal_IMU_seg0002,COUGH_011_Trial_3_Nonverbal_IMU_seg0002_c0002,590.845,591.899,1.0539999999999736,105,1106,1211,4.38857332144464,0.4489021449605544,True,,011,011_Trial_3_Nonverbal,IMU
COUGH,COUGH_011_Trial_3_Nonverbal_IMU_seg0002,COUGH_011_Trial_3_Nonverbal_IMU_seg0002_c0003,592.426,593.573,1.1469999999999345,114,1262,1376,4.260948518088383,0.4489021449605544,True,,011,011_Trial_3_Nonverbal,IMU
COUGH,COUGH_011_Trial_3_Nonverbal_IMU_seg0002,COUGH_011_Trial_3_Nonverbal_IMU_seg0002_c0004,895.498,896.035,0.5369999999999209,54,31152,31206,0.5117663348000281,0.4489021449605544,True,,011,011_Trial_3_Nonverbal,IMU
COUGH,COUGH_011_Trial_3_Nonverbal_IMU_seg0002,COUGH_011_Trial_3_Nonverbal_IMU_seg0002_c0005,896.573,897.121,0.5480000000000018,55,31258,31313,0.5468213222945887,0.4489021449605544,True,,011,011_Trial_3_Nonverbal,IMU
COUGH,COUGH_011_Trial_3_Nonverbal_IMU_seg0002,COUGH_011_Trial_3_Nonverbal_IMU_seg0002_c0006,898.895,1032.524,133.6289999999999,13180,31487,44667,3.0853162104433483,0.4489021449605544,True,,011,011_Trial_3_Nonverbal,IMU
COUGH,COUGH_011_Trial_3_Nonverbal_IMU_seg0002,COUGH_011_Trial_3_Nonverbal_IMU_seg0002_c0007,1034.674,1034.988,0.3140000000000782,32,44878,44910,0.4928276615158444,0.4489021449605544,True,,011,011_Trial_3_Nonverbal,IMU
COUGH,COUGH_012_Trial_1_No_Talking_IMU_seg0002,COUGH_012_Trial_1_No_Talking_IMU_seg0002_c0001,727.136,731.029,3.893000000000029,385,1691,2076,3.2857736828004267,0.6824998749402162,True,,012,012_Trial_1_No_Talking,IMU
COUGH,COUGH_012_Trial_1_No_Talking_IMU_seg0002,COUGH_012_Trial_1_No_Talking_IMU_seg0002_c0002,1023.642,1165.69,142.048,14011,30935,44946,3.0484279422415512,0.6824998749402162,True,,012,012_Trial_1_No_Talking,IMU
COUGH,COUGH_012_Trial_2_Talking_IMU_seg0001,COUGH_012_Trial_2_Talking_IMU_seg0001_c0001,10.667,14.073,3.4060000000000006,337,1052,1389,2.7921517896721495,0.6749460491234567,True,,012,012_Trial_2_Talking,IMU
COUGH,COUGH_012_Trial_2_Talking_IMU_seg0001,COUGH_012_Trial_2_Talking_IMU_seg0001_c0002,292.789,293.143,0.353999999999985,36,28877,28913,0.8630558049634588,0.6749460491234567,True,,012,012_Trial_2_Talking,IMU
COUGH,COUGH_012_Trial_2_Talking_IMU_seg0001,COUGH_012_Trial_2_Talking_IMU_seg0001_c0003,302.827,437.363,134.536,13270,29867,43137,2.776351914295344,0.6749460491234567,True,,012,012_Trial_2_Talking,IMU
COUGH,COUGH_012_Trial_2_Talking_IMU_seg0001,COUGH_012_Trial_2_Talking_IMU_seg0001_c0004,470.903,471.268,0.36499999999995225,37,46444,46481,0.8550026227493973,0.6749460491234567,True,,012,012_Trial_2_Talking,IMU
COUGH,COUGH_012_Trial_3_Nonverbal_IMU_seg0001,COUGH_012_Trial_3_Nonverbal_IMU_seg0001_c0001,12.523,15.707,3.184000000000001,315,1235,1550,3.3080147764204466,0.6784287023654058,True,,012,012_Trial_3_Nonverbal,IMU
COUGH,COUGH_012_Trial_3_Nonverbal_IMU_seg0001,COUGH_012_Trial_3_Nonverbal_IMU_seg0001_c0002,182.751,183.633,0.882000000000005,88,18024,18112,0.8799400865281909,0.6784287023654058,True,,012,012_Trial_3_Nonverbal,IMU
COUGH,COUGH_012_Trial_3_Nonverbal_IMU_seg0001,COUGH_012_Trial_3_Nonverbal_IMU_seg0001_c0003,225.386,225.731,0.34499999999999886,35,22229,22264,0.8628564586047056,0.6784287023654058,True,,012,012_Trial_3_Nonverbal,IMU
COUGH,COUGH_012_Trial_3_Nonverbal_IMU_seg0001,COUGH_012_Trial_3_Nonverbal_IMU_seg0001_c0004,292.083,292.468,0.3849999999999909,39,28807,28846,1.1778689945902197,0.6784287023654058,True,,012,012_Trial_3_Nonverbal,IMU
COUGH,COUGH_012_Trial_3_Nonverbal_IMU_seg0001,COUGH_012_Trial_3_Nonverbal_IMU_seg0001_c0005,308.406,444.525,136.11899999999997,13426,30417,43843,3.6590816527966488,0.6784287023654058,True,,012,012_Trial_3_Nonverbal,IMU
COUGH,COUGH_012_Trial_3_Nonverbal_IMU_seg0001,COUGH_012_Trial_3_Nonverbal_IMU_seg0001_c0006,461.022,461.316,0.2939999999999827,30,45469,45499,1.0058978457627752,0.6784287023654058,True,,012,012_Trial_3_Nonverbal,IMU
COUGH,COUGH_012_Trial_3_Nonverbal_IMU_seg0001,COUGH_012_Trial_3_Nonverbal_IMU_seg0001_c0007,462.37,463.029,0.6589999999999918,66,45602,45668,0.7986080132790496,0.6784287023654058,True,,012,012_Trial_3_Nonverbal,IMU
COUGH,COUGH_013_Trial_1_No_Talking_IMU_seg0001,COUGH_013_Trial_1_No_Talking_IMU_seg0001_c0001,10.535,12.795,2.26,224,1039,1263,2.51217333887058,0.5643086567817918,True,,013,013_Trial_1_No_Talking,IMU
COUGH,COUGH_013_Trial_1_No_Talking_IMU_seg0001,COUGH_013_Trial_1_No_Talking_IMU_seg0001_c0002,315.64,460.377,144.73700000000002,14276,31131,45407,3.0503590823666804,0.5643086567817918,True,,013,013_Trial_1_No_Talking,IMU
COUGH,COUGH_013_Trial_2_Talking_IMU_seg0001,COUGH_013_Trial_2_Talking_IMU_seg0001_c0001,14.245,16.73,2.485000000000001,246,1405,1651,2.2270873127105806,0.5616067422129782,True,,013,013_Trial_2_Talking,IMU
COUGH,COUGH_013_Trial_2_Talking_IMU_seg0001,COUGH_013_Trial_2_Talking_IMU_seg0001_c0002,154.757,155.193,0.43600000000000705,44,15263,15307,0.5867140518528068,0.5616067422129782,True,,013,013_Trial_2_Talking,IMU
COUGH,COUGH_013_Trial_2_Talking_IMU_seg0001,COUGH_013_Trial_2_Talking_IMU_seg0001_c0003,308.937,448.119,139.18200000000002,13728,30469,44197,3.0691072307623117,0.5616067422129782,True,,013,013_Trial_2_Talking,IMU
COUGH,COUGH_013_Trial_2_Talking_IMU_seg0001,COUGH_013_Trial_2_Talking_IMU_seg0001_c0004,588.124,588.439,0.3149999999999409,32,58004,58036,1.2008762480068549,0.5616067422129782,True,,013,013_Trial_2_Talking,IMU
COUGH,COUGH_013_Trial_3_Nonverbal_IMU_seg0002,COUGH_013_Trial_3_Nonverbal_IMU_seg0002_c0001,15.151,18.142,2.9909999999999997,296,1136,1432,2.580581653646335,0.6145291265682632,True,,013,013_Trial_3_Nonverbal,IMU
COUGH,COUGH_013_Trial_3_Nonverbal_IMU_seg0002,COUGH_013_Trial_3_Nonverbal_IMU_seg0002_c0002,314.813,447.448,132.635,13082,30690,43772,3.7609520019794016,0.6145291265682632,True,,013,013_Trial_3_Nonverbal,IMU
COUGH,COUGH_014_Trial_1_No_Talking_IMU_seg0001,COUGH_014_Trial_1_No_Talking_IMU_seg0001_c0001,0.0,8.679,8.679,857,0,857,0.3864843661967344,0.02567522265012057,True,,014,014_Trial_1_No_Talking,IMU
COUGH,COUGH_014_Trial_1_No_Talking_IMU_seg0001,COUGH_014_Trial_1_No_Talking_IMU_seg0001_c0002,9.359,10.078,0.7189999999999994,72,923,995,0.04035776415377337,0.02567522265012057,True,,014,014_Trial_1_No_Talking,IMU
COUGH,COUGH_014_Trial_1_No_Talking_IMU_seg0001,COUGH_014_Trial_1_No_Talking_IMU_seg0001_c0003,11.862,22.711,10.848999999999998,1071,1170,2241,2.37588892813639,0.02567522265012057,True,,014,014_Trial_1_No_Talking,IMU
COUGH,COUGH_014_Trial_1_No_Talking_IMU_seg0001,COUGH_014_Trial_1_No_Talking_IMU_seg0001_c0004,25.012,29.271,4.259,421,2467,2888,0.1678270675010505,0.02567522265012057,True,,014,014_Trial_1_No_Talking,IMU
COUGH,COUGH_014_Trial_1_No_Talking_IMU_seg0001,COUGH_014_Trial_1_No_Talking_IMU_seg0001_c0005,33.527,33.822,0.2950000000000017,30,3307,3337,0.08461473355350146,0.02567522265012057,True,,014,014_Trial_1_No_Talking,IMU
COUGH,COUGH_014_Trial_1_No_Talking_IMU_seg0001,COUGH_014_Trial_1_No_Talking_IMU_seg0001_c0006,53.297,56.492,3.1950000000000003,316,5257,5573,0.11062906875809092,0.02567522265012057,True,,014,014_Trial_1_No_Talking,IMU
COUGH,COUGH_014_Trial_1_No_Talking_IMU_seg0001,COUGH_014_Trial_1_No_Talking_IMU_seg0001_c0007,67.796,70.888,3.0919999999999987,306,6687,6993,0.12243023399281733,0.02567522265012057,True,,014,014_Trial_1_No_Talking,IMU
COUGH,COUGH_014_Trial_1_No_Talking_IMU_seg0001,COUGH_014_Trial_1_No_Talking_IMU_seg0001_c0008,95.717,98.342,2.625,260,9441,9701,0.10104210812101443,0.02567522265012057,True,,014,014_Trial_1_No_Talking,IMU
COUGH,COUGH_014_Trial_1_No_Talking_IMU_seg0001,COUGH_014_Trial_1_No_Talking_IMU_seg0001_c0009,103.048,103.989,0.9410000000000025,94,10164,10258,0.06111601599504784,0.02567522265012057,True,,014,014_Trial_1_No_Talking,IMU
COUGH,COUGH_014_Trial_1_No_Talking_IMU_seg0001,COUGH_014_Trial_1_No_Talking_IMU_seg0001_c0010,105.125,106.595,1.4699999999999989,146,10369,10515,0.06681799428564561,0.02567522265012057,True,,014,014_Trial_1_No_Talking,IMU
COUGH,COUGH_014_Trial_1_No_Talking_IMU_seg0001,COUGH_014_Trial_1_No_Talking_IMU_seg0001_c0011,116.855,117.22,0.3649999999999949,37,11526,11563,0.0939170256096243,0.02567522265012057,True,,014,014_Trial_1_No_Talking,IMU
COUGH,COUGH_014_Trial_1_No_Talking_IMU_seg0002,COUGH_014_Trial_1_No_Talking_IMU_seg0002_c0001,332.867,333.384,0.5169999999999959,52,21095,21147,0.5316322047592549,0.49975425066830703,True,,014,014_Trial_1_No_Talking,IMU
COUGH,COUGH_014_Trial_1_No_Talking_IMU_seg0002,COUGH_014_Trial_1_No_Talking_IMU_seg0002_c0002,334.399,335.919,1.5199999999999818,151,21246,21397,0.558130012469022,0.49975425066830703,True,,014,014_Trial_1_No_Talking,IMU
COUGH,COUGH_014_Trial_1_No_Talking_IMU_seg0002,COUGH_014_Trial_1_No_Talking_IMU_seg0002_c0003,336.669,339.974,3.305000000000007,327,21470,21797,1.2633709074961328,0.49975425066830703,True,,014,014_Trial_1_No_Talking,IMU
COUGH,COUGH_014_Trial_1_No_Talking_IMU_seg0002,COUGH_014_Trial_1_No_Talking_IMU_seg0002_c0004,340.744,341.424,0.67999999999995,68,21872,21940,0.5469289878623641,0.49975425066830703,True,,014,014_Trial_1_No_Talking,IMU
COUGH,COUGH_014_Trial_1_No_Talking_IMU_seg0002,COUGH_014_Trial_1_No_Talking_IMU_seg0002_c0005,342.357,342.885,0.5279999999999632,53,22031,22084,0.5544091326384158,0.49975425066830703,True,,014,014_Trial_1_No_Talking,IMU
COUGH,COUGH_014_Trial_1_No_Talking_IMU_seg0002,COUGH_014_Trial_1_No_Talking_IMU_seg0002_c0006,343.583,352.911,9.327999999999975,921,22152,23073,1.5023572661618099,0.49975425066830703,True,,014,014_Trial_1_No_Talking,IMU
COUGH,COUGH_014_Trial_1_No_Talking_IMU_seg0002,COUGH_014_Trial_1_No_Talking_IMU_seg0002_c0007,353.651,356.349,2.697999999999979,267,23145,23412,0.6017751624684982,0.49975425066830703,True,,014,014_Trial_1_No_Talking,IMU
COUGH,COUGH_014_Trial_1_No_Talking_IMU_seg0002,COUGH_014_Trial_1_No_Talking_IMU_seg0002_c0008,357.291,359.259,1.9680000000000177,195,23504,23699,0.6507115411694082,0.49975425066830703,True,,014,014_Trial_1_No_Talking,IMU
COUGH,COUGH_014_Trial_1_No_Talking_IMU_seg0002,COUGH_014_Trial_1_No_Talking_IMU_seg0002_c0009,359.988,363.476,3.4879999999999995,345,23770,24115,0.6486110367095195,0.49975425066830703,True,,014,014_Trial_1_No_Talking,IMU
COUGH,COUGH_014_Trial_1_No_Talking_IMU_seg0002,COUGH_014_Trial_1_No_Talking_IMU_seg0002_c0010,364.156,410.267,46.11099999999999,4549,24181,28730,0.7023480653576942,0.49975425066830703,True,,014,014_Trial_1_No_Talking,IMU
COUGH,COUGH_014_Trial_1_No_Talking_IMU_seg0002,COUGH_014_Trial_1_No_Talking_IMU_seg0002_c0011,411.242,416.412,5.169999999999959,511,28825,29336,0.6152109532773247,0.49975425066830703,True,,014,014_Trial_1_No_Talking,IMU
COUGH,COUGH_014_Trial_1_No_Talking_IMU_seg0002,COUGH_014_Trial_1_No_Talking_IMU_seg0002_c0012,417.121,418.399,1.27800000000002,127,29405,29532,0.5921825232257576,0.49975425066830703,True,,014,014_Trial_1_No_Talking,IMU
COUGH,COUGH_014_Trial_1_No_Talking_IMU_seg0002,COUGH_014_Trial_1_No_Talking_IMU_seg0002_c0013,419.089,425.325,6.23599999999999,616,29599,30215,0.6377353268951894,0.49975425066830703,True,,014,014_Trial_1_No_Talking,IMU
COUGH,COUGH_014_Trial_1_No_Talking_IMU_seg0002,COUGH_014_Trial_1_No_Talking_IMU_seg0002_c0014,426.013,434.855,8.842000000000041,873,30282,31155,0.6780749690438539,0.49975425066830703,True,,014,014_Trial_1_No_Talking,IMU
COUGH,COUGH_014_Trial_1_No_Talking_IMU_seg0002,COUGH_014_Trial_1_No_Talking_IMU_seg0002_c0015,435.595,442.286,6.690999999999974,661,31227,31888,0.639666763063229,0.49975425066830703,True,,014,014_Trial_1_No_Talking,IMU
COUGH,COUGH_014_Trial_1_No_Talking_IMU_seg0002,COUGH_014_Trial_1_No_Talking_IMU_seg0002_c0016,442.844,458.489,15.644999999999982,1544,31942,33486,0.6681240295124877,0.49975425066830703,True,,014,014_Trial_1_No_Talking,IMU
COUGH,COUGH_014_Trial_1_No_Talking_IMU_seg0002,COUGH_014_Trial_1_No_Talking_IMU_seg0002_c0017,459.208,463.355,4.146999999999991,410,33556,33966,0.6882789305036622,0.49975425066830703,True,,014,014_Trial_1_No_Talking,IMU
COUGH,COUGH_014_Trial_1_No_Talking_IMU_seg0003,COUGH_014_Trial_1_No_Talking_IMU_seg0003_c0001,1625.257,1626.504,1.2469999999998436,124,993,1117,1.789984172619111,0.43494435454124397,True,,014,014_Trial_1_No_Talking,IMU
COUGH,COUGH_014_Trial_1_No_Talking_IMU_seg0003,COUGH_014_Trial_1_No_Talking_IMU_seg0003_c0002,1627.377,1628.512,1.134999999999991,113,1202,1315,1.8229906047445783,0.43494435454124397,True,,014,014_Trial_1_No_Talking,IMU
COUGH,COUGH_014_Trial_1_No_Talking_IMU_seg0003,COUGH_014_Trial_1_No_Talking_IMU_seg0003_c0003,1629.332,1630.65,1.3179999999999836,131,1395,1526,2.20323500580127,0.43494435454124397,True,,014,014_Trial_1_No_Talking,IMU
COUGH,COUGH_014_Trial_1_No_Talking_IMU_seg0003,COUGH_014_Trial_1_No_Talking_IMU_seg0003_c0004,1945.211,1945.738,0.5270000000000437,53,32549,32602,0.5028650410264628,0.43494435454124397,True,,014,014_Trial_1_No_Talking,IMU
COUGH,COUGH_014_Trial_1_No_Talking_IMU_seg0003,COUGH_014_Trial_1_No_Talking_IMU_seg0003_c0005,1946.783,1969.292,22.509000000000015,2221,32704,34925,0.6700402960197139,0.43494435454124397,True,,014,014_Trial_1_No_Talking,IMU
COUGH,COUGH_014_Trial_1_No_Talking_IMU_seg0003,COUGH_014_Trial_1_No_Talking_IMU_seg0003_c0006,1970.367,1998.026,27.659000000000106,2729,35030,37759,0.7077410086768364,0.43494435454124397,True,,014,014_Trial_1_No_Talking,IMU
COUGH,COUGH_014_Trial_1_No_Talking_IMU_seg0003,COUGH_014_Trial_1_No_Talking_IMU_seg0003_c0007,1999.466,2042.923,43.45700000000011,4287,37900,42187,0.6889845709740643,0.43494435454124397,True,,014,014_Trial_1_No_Talking,IMU
COUGH,COUGH_014_Trial_1_No_Talking_IMU_seg0003,COUGH_014_Trial_1_No_Talking_IMU_seg0003_c0008,2043.47,2082.405,38.93500000000017,3841,42240,46081,0.7000430727658201,0.43494435454124397,True,,014,014_Trial_1_No_Talking,IMU
COUGH,COUGH_014_Trial_2_Talking_IMU_seg0001,COUGH_014_Trial_2_Talking_IMU_seg0001_c0001,26.382,27.367,0.9849999999999994,98,2602,2700,1.7987419479265712,0.44242323966215613,True,,014,014_Trial_2_Talking,IMU
COUGH,COUGH_014_Trial_2_Talking_IMU_seg0001,COUGH_014_Trial_2_Talking_IMU_seg0001_c0002,28.015,29.231,1.216000000000001,121,2763,2884,2.0964400807716403,0.44242323966215613,True,,014,014_Trial_2_Talking,IMU
COUGH,COUGH_014_Trial_2_Talking_IMU_seg0001,COUGH_014_Trial_2_Talking_IMU_seg0001_c0003,29.88,30.935,1.0549999999999997,105,2947,3052,2.3354482029263615,0.44242323966215613,True,,014,014_Trial_2_Talking,IMU
COUGH,COUGH_014_Trial_2_Talking_IMU_seg0001,COUGH_014_Trial_2_Talking_IMU_seg0001_c0004,375.493,376.02,0.5269999999999868,53,37033,37086,0.5083183676287981,0.44242323966215613,True,,014,014_Trial_2_Talking,IMU
COUGH,COUGH_014_Trial_2_Talking_IMU_seg0001,COUGH_014_Trial_2_Talking_IMU_seg0001_c0005,376.547,379.792,3.2449999999999477,321,37137,37458,0.7857091860420065,0.44242323966215613,True,,014,014_Trial_2_Talking,IMU
COUGH,COUGH_014_Trial_2_Talking_IMU_seg0001,COUGH_014_Trial_2_Talking_IMU_seg0001_c0006,380.492,508.969,128.47699999999998,12672,37526,50198,0.697267854431346,0.44242323966215613,True,,014,014_Trial_2_Talking,IMU
COUGH,COUGH_014_Trial_2_Talking_IMU_seg0001,COUGH_014_Trial_2_Talking_IMU_seg0001_c0007,646.692,646.997,0.30499999999995,31,63780,63811,0.9754750807511405,0.44242323966215613,True,,014,014_Trial_2_Talking,IMU
COUGH,COUGH_014_Trial_3_Nonverbal_IMU_seg0001,COUGH_014_Trial_3_Nonverbal_IMU_seg0001_c0001,17.327,19.68,2.352999999999998,233,1709,1942,1.657631142361215,0.43292782830555265,True,,014,014_Trial_3_Nonverbal,IMU
COUGH,COUGH_014_Trial_3_Nonverbal_IMU_seg0001,COUGH_014_Trial_3_Nonverbal_IMU_seg0001_c0002,20.339,21.556,1.2170000000000023,121,2006,2127,1.920964902744981,0.43292782830555265,True,,014,014_Trial_3_Nonverbal,IMU
COUGH,COUGH_014_Trial_3_Nonverbal_IMU_seg0001,COUGH_014_Trial_3_Nonverbal_IMU_seg0001_c0003,25.034,25.743,0.7089999999999996,71,2469,2540,0.9249430820654407,0.43292782830555265,True,,014,014_Trial_3_Nonverbal,IMU
COUGH,COUGH_014_Trial_3_Nonverbal_IMU_seg0001,COUGH_014_Trial_3_Nonverbal_IMU_seg0001_c0004,320.792,321.36,0.5680000000000405,57,31638,31695,0.49465321886943175,0.43292782830555265,True,,014,014_Trial_3_Nonverbal,IMU
COUGH,COUGH_014_Trial_3_Nonverbal_IMU_seg0001,COUGH_014_Trial_3_Nonverbal_IMU_seg0001_c0005,322.434,387.104,64.66999999999996,6379,31800,38179,0.6916041264020294,0.43292782830555265,True,,014,014_Trial_3_Nonverbal,IMU
COUGH,COUGH_014_Trial_3_Nonverbal_IMU_seg0001,COUGH_014_Trial_3_Nonverbal_IMU_seg0001_c0006,388.614,406.642,18.02800000000002,1779,38327,40106,0.7395618252657772,0.43292782830555265,True,,014,014_Trial_3_Nonverbal,IMU
COUGH,COUGH_014_Trial_3_Nonverbal_IMU_seg0001,COUGH_014_Trial_3_Nonverbal_IMU_seg0001_c0007,407.808,458.475,50.66700000000003,4998,40220,45218,0.6935842365672941,0.43292782830555265,True,,014,014_Trial_3_Nonverbal,IMU
COUGH,COUGH_015_Trial_1_No_Talking_IMU_seg0001,COUGH_015_Trial_1_No_Talking_IMU_seg0001_c0001,15.888,20.167,4.279000000000002,423,1567,1990,3.2308731182609574,0.5632849526646587,True,,015,015_Trial_1_No_Talking,IMU
COUGH,COUGH_015_Trial_1_No_Talking_IMU_seg0001,COUGH_015_Trial_1_No_Talking_IMU_seg0001_c0002,24.749,25.054,0.3049999999999997,31,2441,2472,1.2034990382718869,0.5632849526646587,True,,015,015_Trial_1_No_Talking,IMU
COUGH,COUGH_015_Trial_1_No_Talking_IMU_seg0001,COUGH_015_Trial_1_No_Talking_IMU_seg0001_c0003,324.56,461.155,136.59499999999997,13473,32011,45484,3.7169629545818377,0.5632849526646587,True,,015,015_Trial_1_No_Talking,IMU
COUGH,COUGH_015_Trial_2_Talking_IMU_seg0001,COUGH_015_Trial_2_Talking_IMU_seg0001_c0001,18.495,23.534,5.038999999999998,498,1824,2322,3.5138262918738734,0.5317809613624844,True,,015,015_Trial_2_Talking,IMU
COUGH,COUGH_015_Trial_2_Talking_IMU_seg0001,COUGH_015_Trial_2_Talking_IMU_seg0001_c0002,319.958,459.688,139.72999999999996,13782,31556,45338,4.931433653946203,0.5317809613624844,True,,015,015_Trial_2_Talking,IMU
COUGH,COUGH_015_Trial_2_Talking_IMU_seg0001,COUGH_015_Trial_2_Talking_IMU_seg0001_c0003,460.216,460.622,0.4060000000000059,41,45389,45430,0.6677911080418137,0.5317809613624844,True,,015,015_Trial_2_Talking,IMU
COUGH,COUGH_015_Trial_2_Talking_IMU_seg0001,COUGH_015_Trial_2_Talking_IMU_seg0001_c0004,461.27,461.839,0.5690000000000168,57,45493,45550,0.7788879748484707,0.5317809613624844,True,,015,015_Trial_2_Talking,IMU
COUGH,COUGH_015_Trial_2_Talking_IMU_seg0001,COUGH_015_Trial_2_Talking_IMU_seg0001_c0005,591.347,591.651,0.3039999999999736,31,58326,58357,1.5502802213086335,0.5317809613624844,True,,015,015_Trial_2_Talking,IMU
COUGH,COUGH_015_Trial_3_Nonverbal_IMU_seg0001,COUGH_015_Trial_3_Nonverbal_IMU_seg0001_c0001,11.671,15.777,4.106,406,1151,1557,4.115520274523499,0.5903855635003263,True,,015,015_Trial_3_Nonverbal,IMU
COUGH,COUGH_015_Trial_3_Nonverbal_IMU_seg0001,COUGH_015_Trial_3_Nonverbal_IMU_seg0001_c0002,23.401,23.869,0.46799999999999997,47,2308,2355,2.253199697313089,0.5903855635003263,True,,015,015_Trial_3_Nonverbal,IMU
COUGH,COUGH_015_Trial_3_Nonverbal_IMU_seg0001,COUGH_015_Trial_3_Nonverbal_IMU_seg0001_c0003,321.359,323.185,1.8260000000000218,181,31694,31875,0.7659889372738136,0.5903855635003263,True,,015,015_Trial_3_Nonverbal,IMU
COUGH,COUGH_015_Trial_3_Nonverbal_IMU_seg0001,COUGH_015_Trial_3_Nonverbal_IMU_seg0001_c0004,323.772,336.184,12.412000000000035,1225,31932,33157,2.668601368613904,0.5903855635003263,True,,015,015_Trial_3_Nonverbal,IMU
COUGH,COUGH_015_Trial_3_Nonverbal_IMU_seg0001,COUGH_015_Trial_3_Nonverbal_IMU_seg0001_c0005,336.73,458.911,122.18099999999998,12051,33210,45261,4.457565008343821,0.5903855635003263,True,,015,015_Trial_3_Nonverbal,IMU
COUGH,COUGH_015_Trial_3_Nonverbal_IMU_seg0001,COUGH_015_Trial_3_Nonverbal_IMU_seg0001_c0006,460.524,461.082,0.5579999999999927,56,45419,45475,0.8096786646817458,0.5903855635003263,True,,015,015_Trial_3_Nonverbal,IMU
COUGH,COUGH_015_Trial_3_Nonverbal_IMU_seg0001,COUGH_015_Trial_3_Nonverbal_IMU_seg0001_c0007,464.316,465.015,0.6990000000000123,70,45793,45863,0.7419308196443061,0.5903855635003263,True,,015,015_Trial_3_Nonverbal,IMU
COUGH,COUGH_015_Trial_3_Nonverbal_IMU_seg0001,COUGH_015_Trial_3_Nonverbal_IMU_seg0001_c0008,593.249,593.908,0.6589999999999918,66,58509,58575,2.4490366937461507,0.5903855635003263,True,,015,015_Trial_3_Nonverbal,IMU
COUGH,COUGH_015_Trial_3_Nonverbal_IMU_seg0001,COUGH_015_Trial_3_Nonverbal_IMU_seg0001_c0009,597.579,598.391,0.8120000000000118,81,58936,59017,0.7964293614017058,0.5903855635003263,True,,015,015_Trial_3_Nonverbal,IMU
COUGH,COUGH_016_Trial_1_No_Talking_IMU_seg0033,COUGH_016_Trial_1_No_Talking_IMU_seg0033_c0001,726.163,726.903,0.7400000000000091,74,911,985,2.4571547191179506,0.6728353399812301,True,,016,016_Trial_1_No_Talking,IMU
COUGH,COUGH_016_Trial_1_No_Talking_IMU_seg0033,COUGH_016_Trial_1_No_Talking_IMU_seg0033_c0002,727.451,728.322,0.8709999999999809,87,1038,1125,2.789663467972498,0.6728353399812301,True,,016,016_Trial_1_No_Talking,IMU
COUGH,COUGH_016_Trial_1_No_Talking_IMU_seg0033,COUGH_016_Trial_1_No_Talking_IMU_seg0033_c0003,728.91,729.812,0.9020000000000437,90,1182,1272,2.5878052403584206,0.6728353399812301,True,,016,016_Trial_1_No_Talking,IMU
COUGH,COUGH_016_Trial_1_No_Talking_IMU_seg0033,COUGH_016_Trial_1_No_Talking_IMU_seg0033_c0004,1038.6,1152.179,113.57900000000018,11203,31726,42929,2.1302461256959986,0.6728353399812301,True,,016,016_Trial_1_No_Talking,IMU
COUGH,COUGH_016_Trial_1_No_Talking_IMU_seg0033,COUGH_016_Trial_1_No_Talking_IMU_seg0033_c0005,1152.738,1172.103,19.36500000000001,1911,42983,44894,2.0616905164877286,0.6728353399812301,True,,016,016_Trial_1_No_Talking,IMU
COUGH,COUGH_016_Trial_1_No_Talking_IMU_seg0033,COUGH_016_Trial_1_No_Talking_IMU_seg0033_c0006,1173.623,1174.507,0.8840000000000146,88,45043,45131,0.9506124629394878,0.6728353399812301,True,,016,016_Trial_1_No_Talking,IMU
COUGH,COUGH_016_Trial_2_Talking_IMU_seg0001,COUGH_016_Trial_2_Talking_IMU_seg0001_c0001,12.696,16.315,3.6190000000000015,358,1252,1610,3.547083989320215,0.6061406904303897,True,,016,016_Trial_2_Talking,IMU
COUGH,COUGH_016_Trial_2_Talking_IMU_seg0001,COUGH_016_Trial_2_Talking_IMU_seg0001_c0002,171.391,171.766,0.375,38,16903,16941,0.7946134454287627,0.6061406904303897,True,,016,016_Trial_2_Talking,IMU
COUGH,COUGH_016_Trial_2_Talking_IMU_seg0001,COUGH_016_Trial_2_Talking_IMU_seg0001_c0003,321.833,322.878,1.044999999999959,104,31740,31844,0.6606042002837685,0.6061406904303897,True,,016,016_Trial_2_Talking,IMU
COUGH,COUGH_016_Trial_2_Talking_IMU_seg0001,COUGH_016_Trial_2_Talking_IMU_seg0001_c0004,327.441,397.384,69.94300000000004,6899,32293,39192,1.9878585180173034,0.6061406904303897,True,,016,016_Trial_2_Talking,IMU
COUGH,COUGH_016_Trial_2_Talking_IMU_seg0001,COUGH_016_Trial_2_Talking_IMU_seg0001_c0005,398.084,400.721,2.6370000000000005,261,39260,39521,1.3838066855697957,0.6061406904303897,True,,016,016_Trial_2_Talking,IMU
COUGH,COUGH_016_Trial_2_Talking_IMU_seg0001,COUGH_016_Trial_2_Talking_IMU_seg0001_c0006,401.329,405.344,4.014999999999986,397,39580,39977,1.566316491289119,0.6061406904303897,True,,016,016_Trial_2_Talking,IMU
COUGH,COUGH_016_Trial_2_Talking_IMU_seg0001,COUGH_016_Trial_2_Talking_IMU_seg0001_c0007,406.034,408.661,2.6270000000000095,260,40044,40304,1.3953102930065204,0.6061406904303897,True,,016,016_Trial_2_Talking,IMU
COUGH,COUGH_016_Trial_2_Talking_IMU_seg0001,COUGH_016_Trial_2_Talking_IMU_seg0001_c0008,409.258,412.321,3.063000000000045,303,40362,40665,1.5115734111221688,0.6061406904303897,True,,016,016_Trial_2_Talking,IMU
COUGH,COUGH_016_Trial_2_Talking_IMU_seg0001,COUGH_016_Trial_2_Talking_IMU_seg0001_c0009,412.929,453.042,40.113,3957,40724,44681,2.024245531907462,0.6061406904303897,True,,016,016_Trial_2_Talking,IMU
COUGH,COUGH_016_Trial_3_Nonverbal_IMU_seg0001,COUGH_016_Trial_3_Nonverbal_IMU_seg0001_c0001,8.69,11.843,3.1530000000000005,312,857,1169,2.9971977863757315,0.6516329254772217,True,,016,016_Trial_3_Nonverbal,IMU
COUGH,COUGH_016_Trial_3_Nonverbal_IMU_seg0001,COUGH_016_Trial_3_Nonverbal_IMU_seg0001_c0002,313.018,313.991,0.9730000000000132,97,30870,30967,0.8316148634912215,0.6516329254772217,True,,016,016_Trial_3_Nonverbal,IMU
COUGH,COUGH_016_Trial_3_Nonverbal_IMU_seg0001,COUGH_016_Trial_3_Nonverbal_IMU_seg0001_c0003,315.979,317.419,1.4399999999999977,143,31162,31305,1.81535008795338,0.6516329254772217,True,,016,016_Trial_3_Nonverbal,IMU
COUGH,COUGH_016_Trial_3_Nonverbal_IMU_seg0001,COUGH_016_Trial_3_Nonverbal_IMU_seg0001_c0004,318.533,456.913,138.38,13648,31414,45062,2.5200155161619575,0.6516329254772217,True,,016,016_Trial_3_Nonverbal,IMU
COUGH,COUGH_017_Trial_1_No_Talking_IMU_seg0001,COUGH_017_Trial_1_No_Talking_IMU_seg0001_c0001,9.13,10.15,1.0199999999999996,103,913,1016,3.4456274475189836,0.5974248319372573,True,,017,017_Trial_1_No_Talking,IMU
COUGH,COUGH_017_Trial_1_No_Talking_IMU_seg0001,COUGH_017_Trial_1_No_Talking_IMU_seg0001_c0002,11.18,12.42,1.2400000000000002,125,1118,1243,3.035586548800308,0.5974248319372573,True,,017,017_Trial_1_No_Talking,IMU
COUGH,COUGH_017_Trial_1_No_Talking_IMU_seg0001,COUGH_017_Trial_1_No_Talking_IMU_seg0001_c0003,13.08,14.5,1.42,143,1308,1451,3.2489689139630014,0.5974248319372573,True,,017,017_Trial_1_No_Talking,IMU
COUGH,COUGH_017_Trial_1_No_Talking_IMU_seg0001,COUGH_017_Trial_1_No_Talking_IMU_seg0001_c0004,322.75,468.62,145.87,14588,32275,46863,2.3011966226198353,0.5974248319372573,True,,017,017_Trial_1_No_Talking,IMU
COUGH,COUGH_017_Trial_1_No_Talking_IMU_seg0001,COUGH_017_Trial_1_No_Talking_IMU_seg0001_c0005,614.7,615.46,0.7599999999999909,77,61470,61547,1.3029494771254952,0.5974248319372573,True,,017,017_Trial_1_No_Talking,IMU
COUGH,COUGH_017_Trial_2_Talking_IMU_seg0001,COUGH_017_Trial_2_Talking_IMU_seg0001_c0001,8.52,9.83,1.3100000000000005,132,852,984,3.9217715725751763,0.44680534212694645,True,,017,017_Trial_2_Talking,IMU
COUGH,COUGH_017_Trial_2_Talking_IMU_seg0001,COUGH_017_Trial_2_Talking_IMU_seg0001_c0002,10.64,11.83,1.1899999999999995,120,1064,1184,2.789781460991464,0.44680534212694645,True,,017,017_Trial_2_Talking,IMU
COUGH,COUGH_017_Trial_2_Talking_IMU_seg0001,COUGH_017_Trial_2_Talking_IMU_seg0001_c0003,12.53,13.85,1.3200000000000003,133,1253,1386,2.581068763460072,0.44680534212694645,True,,017,017_Trial_2_Talking,IMU
COUGH,COUGH_017_Trial_2_Talking_IMU_seg0003,COUGH_017_Trial_2_Talking_IMU_seg0003_c0001,20.59,21.0,0.41000000000000014,42,6,48,1.4644212864327706,0.24827915311201829,True,,017,017_Trial_2_Talking,IMU
COUGH,COUGH_017_Trial_2_Talking_IMU_seg0004,COUGH_017_Trial_2_Talking_IMU_seg0004_c0001,403.75,536.64,132.89,13290,38163,51453,2.6039733691180578,0.648745046229801,True,,017,017_Trial_2_Talking,IMU
COUGH,COUGH_017_Trial_2_Talking_IMU_seg0005,COUGH_017_Trial_2_Talking_IMU_seg0005_c0001,551.77,553.19,1.4200000000000728,143,7,150,0.4279625562281033,0.29707523248512624,True,,017,017_Trial_2_Talking,IMU
COUGH,COUGH_017_Trial_2_Talking_IMU_seg0005,COUGH_017_Trial_2_Talking_IMU_seg0005_c0002,553.8,554.56,0.7599999999999909,77,210,287,0.37155186923425215,0.29707523248512624,True,,017,017_Trial_2_Talking,IMU
COUGH,COUGH_017_Trial_2_Talking_IMU_seg0005,COUGH_017_Trial_2_Talking_IMU_seg0005_c0003,555.12,555.84,0.7200000000000273,73,342,415,0.42603609681165105,0.29707523248512624,True,,017,017_Trial_2_Talking,IMU
COUGH,COUGH_017_Trial_2_Talking_IMU_seg0005,COUGH_017_Trial_2_Talking_IMU_seg0005_c0004,556.41,557.15,0.7400000000000091,75,471,546,0.3627409374485632,0.29707523248512624,True,,017,017_Trial_2_Talking,IMU
COUGH,COUGH_017_Trial_2_Talking_IMU_seg0005,COUGH_017_Trial_2_Talking_IMU_seg0005_c0005,561.54,562.29,0.75,76,984,1060,0.39569789907173936,0.29707523248512624,True,,017,017_Trial_2_Talking,IMU
COUGH,COUGH_017_Trial_2_Talking_IMU_seg0005,COUGH_017_Trial_2_Talking_IMU_seg0005_c0006,562.84,563.58,0.7400000000000091,75,1114,1189,0.4105230304613844,0.29707523248512624,True,,017,017_Trial_2_Talking,IMU
COUGH,COUGH_017_Trial_2_Talking_IMU_seg0005,COUGH_017_Trial_2_Talking_IMU_seg0005_c0007,564.18,564.92,0.7400000000000091,75,1248,1323,0.3556406665081508,0.29707523248512624,True,,017,017_Trial_2_Talking,IMU
COUGH,COUGH_017_Trial_2_Talking_IMU_seg0005,COUGH_017_Trial_2_Talking_IMU_seg0005_c0008,565.47,566.2,0.7300000000000182,74,1377,1451,0.4278922852009491,0.29707523248512624,True,,017,017_Trial_2_Talking,IMU
COUGH,COUGH_017_Trial_2_Talking_IMU_seg0005,COUGH_017_Trial_2_Talking_IMU_seg0005_c0009,566.83,567.55,0.7199999999999136,73,1513,1586,0.3835468029476557,0.29707523248512624,True,,017,017_Trial_2_Talking,IMU
COUGH,COUGH_017_Trial_2_Talking_IMU_seg0005,COUGH_017_Trial_2_Talking_IMU_seg0005_c0010,568.8,570.78,1.9800000000000182,199,1710,1909,0.46115746003735864,0.29707523248512624,True,,017,017_Trial_2_Talking,IMU
COUGH,COUGH_017_Trial_2_Talking_IMU_seg0005,COUGH_017_Trial_2_Talking_IMU_seg0005_c0011,571.95,572.67,0.7199999999999136,73,2025,2098,0.41642412061129697,0.29707523248512624,True,,017,017_Trial_2_Talking,IMU
COUGH,COUGH_017_Trial_2_Talking_IMU_seg0005,COUGH_017_Trial_2_Talking_IMU_seg0005_c0012,573.22,573.9,0.67999999999995,69,2152,2221,0.4706458159917297,0.29707523248512624,True,,017,017_Trial_2_Talking,IMU
COUGH,COUGH_017_Trial_2_Talking_IMU_seg0005,COUGH_017_Trial_2_Talking_IMU_seg0005_c0013,574.47,577.06,2.589999999999918,260,2277,2537,0.43604599110047754,0.29707523248512624,True,,017,017_Trial_2_Talking,IMU
COUGH,COUGH_017_Trial_2_Talking_IMU_seg0005,COUGH_017_Trial_2_Talking_IMU_seg0005_c0014,579.42,581.36,1.9400000000000546,195,2772,2967,0.43286863360339545,0.29707523248512624,True,,017,017_Trial_2_Talking,IMU
COUGH,COUGH_017_Trial_2_Talking_IMU_seg0005,COUGH_017_Trial_2_Talking_IMU_seg0005_c0015,581.93,582.65,0.7200000000000273,73,3023,3096,0.39667828540512506,0.29707523248512624,True,,017,017_Trial_2_Talking,IMU
COUGH,COUGH_017_Trial_2_Talking_IMU_seg0005,COUGH_017_Trial_2_Talking_IMU_seg0005_c0016,583.2,586.43,3.2299999999999045,324,3150,3474,0.47493130342508766,0.29707523248512624,True,,017,017_Trial_2_Talking,IMU
COUGH,COUGH_017_Trial_2_Talking_IMU_seg0005,COUGH_017_Trial_2_Talking_IMU_seg0005_c0017,587.02,589.02,2.0,201,3532,3733,0.40970205591439324,0.29707523248512624,True,,017,017_Trial_2_Talking,IMU
COUGH,COUGH_017_Trial_2_Talking_IMU_seg0005,COUGH_017_Trial_2_Talking_IMU_seg0005_c0018,589.61,590.3,0.6899999999999409,70,3791,3861,0.38889524943878045,0.29707523248512624,True,,017,017_Trial_2_Talking,IMU
COUGH,COUGH_017_Trial_2_Talking_IMU_seg0005,COUGH_017_Trial_2_Talking_IMU_seg0005_c0019,590.89,593.47,2.580000000000041,259,3919,4178,0.5615218615022272,0.29707523248512624,True,,017,017_Trial_2_Talking,IMU
COUGH,COUGH_017_Trial_2_Talking_IMU_seg0005,COUGH_017_Trial_2_Talking_IMU_seg0005_c0020,594.64,596.61,1.9700000000000273,198,4294,4492,0.47447898667192506,0.29707523248512624,True,,017,017_Trial_2_Talking,IMU
COUGH,COUGH_017_Trial_2_Talking_IMU_seg0005,COUGH_017_Trial_2_Talking_IMU_seg0005_c0021,597.19,597.92,0.7299999999999045,74,4549,4623,0.4077610250483747,0.29707523248512624,True,,017,017_Trial_2_Talking,IMU
COUGH,COUGH_017_Trial_2_Talking_IMU_seg0005,COUGH_017_Trial_2_Talking_IMU_seg0005_c0022,598.47,600.45,1.9800000000000182,199,4677,4876,0.5097901443562431,0.29707523248512624,True,,017,017_Trial_2_Talking,IMU
COUGH,COUGH_017_Trial_2_Talking_IMU_seg0005,COUGH_017_Trial_2_Talking_IMU_seg0005_c0023,601.01,609.24,8.230000000000018,824,4931,5755,0.4797632356237535,0.29707523248512624,True,,017,017_Trial_2_Talking,IMU
COUGH,COUGH_017_Trial_2_Talking_IMU_seg0005,COUGH_017_Trial_2_Talking_IMU_seg0005_c0024,609.81,611.13,1.32000000000005,133,5811,5944,0.44362023981412835,0.29707523248512624,True,,017,017_Trial_2_Talking,IMU
COUGH,COUGH_017_Trial_2_Talking_IMU_seg0005,COUGH_017_Trial_2_Talking_IMU_seg0005_c0025,612.33,613.01,0.67999999999995,69,6063,6132,0.4302262027199356,0.29707523248512624,True,,017,017_Trial_2_Talking,IMU
COUGH,COUGH_017_Trial_2_Talking_IMU_seg0005,COUGH_017_Trial_2_Talking_IMU_seg0005_c0026,613.61,614.35,0.7400000000000091,75,6191,6266,0.40939860032537945,0.29707523248512624,True,,017,017_Trial_2_Talking,IMU
COUGH,COUGH_017_Trial_2_Talking_IMU_seg0005,COUGH_017_Trial_2_Talking_IMU_seg0005_c0027,614.93,615.66,0.7300000000000182,74,6323,6397,0.35515047607308853,0.29707523248512624,True,,017,017_Trial_2_Talking,IMU
COUGH,COUGH_017_Trial_2_Talking_IMU_seg0005,COUGH_017_Trial_2_Talking_IMU_seg0005_c0028,616.24,618.27,2.0299999999999727,204,6454,6658,0.44406799087703214,0.29707523248512624,True,,017,017_Trial_2_Talking,IMU
COUGH,COUGH_017_Trial_2_Talking_IMU_seg0005,COUGH_017_Trial_2_Talking_IMU_seg0005_c0029,618.84,627.58,8.740000000000009,875,6714,7589,0.5484726124500553,0.29707523248512624,True,,017,017_Trial_2_Talking,IMU
COUGH,COUGH_017_Trial_2_Talking_IMU_seg0005,COUGH_017_Trial_2_Talking_IMU_seg0005_c0030,628.19,629.49,1.2999999999999545,131,7649,7780,0.41763151326983594,0.29707523248512624,True,,017,017_Trial_2_Talking,IMU
COUGH,COUGH_017_Trial_2_Talking_IMU_seg0005,COUGH_017_Trial_2_Talking_IMU_seg0005_c0031,631.27,632.0,0.7300000000000182,74,7957,8031,0.4535686666844763,0.29707523248512624,True,,017,017_Trial_2_Talking,IMU
COUGH,COUGH_017_Trial_2_Talking_IMU_seg0005,COUGH_017_Trial_2_Talking_IMU_seg0005_c0032,632.53,633.24,0.7100000000000364,72,8083,8155,0.42270922798047705,0.29707523248512624,True,,017,017_Trial_2_Talking,IMU
COUGH,COUGH_017_Trial_2_Talking_IMU_seg0005,COUGH_017_Trial_2_Talking_IMU_seg0005_c0033,633.79,635.74,1.9500000000000455,196,8209,8405,0.48036985067209664,0.29707523248512624,True,,017,017_Trial_2_Talking,IMU
COUGH,COUGH_017_Trial_2_Talking_IMU_seg0005,COUGH_017_Trial_2_Talking_IMU_seg0005_c0034,636.26,639.44,3.1800000000000637,319,8456,8775,0.5410457733532554,0.29707523248512624,True,,017,017_Trial_2_Talking,IMU
COUGH,COUGH_017_Trial_2_Talking_IMU_seg0005,COUGH_017_Trial_2_Talking_IMU_seg0005_c0035,640.0,642.0,2.0,201,8830,9031,0.45810435303023533,0.29707523248512624,True,,017,017_Trial_2_Talking,IMU
COUGH,COUGH_017_Trial_2_Talking_IMU_seg0005,COUGH_017_Trial_2_Talking_IMU_seg0005_c0036,642.58,643.3,0.7199999999999136,73,9088,9161,0.4166742787884923,0.29707523248512624,True,,017,017_Trial_2_Talking,IMU
COUGH,COUGH_017_Trial_2_Talking_IMU_seg0005,COUGH_017_Trial_2_Talking_IMU_seg0005_c0037,643.9,644.59,0.6900000000000546,70,9220,9290,0.406537553735004,0.29707523248512624,True,,017,017_Trial_2_Talking,IMU
COUGH,COUGH_017_Trial_2_Talking_IMU_seg0005,COUGH_017_Trial_2_Talking_IMU_seg0005_c0038,645.22,645.94,0.7200000000000273,73,9352,9425,0.4293976343090878,0.29707523248512624,True,,017,017_Trial_2_Talking,IMU
COUGH,COUGH_017_Trial_2_Talking_IMU_seg0005,COUGH_017_Trial_2_Talking_IMU_seg0005_c0039,646.47,647.2,0.7300000000000182,74,9477,9551,0.438698587836657,0.29707523248512624,True,,017,017_Trial_2_Talking,IMU
COUGH,COUGH_017_Trial_2_Talking_IMU_seg0005,COUGH_017_Trial_2_Talking_IMU_seg0005_c0040,647.78,648.47,0.6900000000000546,70,9608,9678,0.3630021597893337,0.29707523248512624,True,,017,017_Trial_2_Talking,IMU
COUGH,COUGH_017_Trial_2_Talking_IMU_seg0005,COUGH_017_Trial_2_Talking_IMU_seg0005_c0041,649.03,649.74,0.7100000000000364,72,9733,9805,0.39105449858402097,0.29707523248512624,True,,017,017_Trial_2_Talking,IMU
COUGH,COUGH_017_Trial_2_Talking_IMU_seg0005,COUGH_017_Trial_2_Talking_IMU_seg0005_c0042,650.34,651.03,0.6899999999999409,70,9864,9934,0.44137253704185725,0.29707523248512624,True,,017,017_Trial_2_Talking,IMU
COUGH,COUGH_017_Trial_2_Talking_IMU_seg0005,COUGH_017_Trial_2_Talking_IMU_seg0005_c0043,651.62,656.12,4.5,451,9992,10443,0.5929853900124471,0.29707523248512624,True,,017,017_Trial_2_Talking,IMU
COUGH,COUGH_017_Trial_2_Talking_IMU_seg0005,COUGH_017_Trial_2_Talking_IMU_seg0005_c0044,656.69,657.37,0.67999999999995,69,10499,10568,0.4187896877273035,0.29707523248512624,True,,017,017_Trial_2_Talking,IMU
COUGH,COUGH_017_Trial_2_Talking_IMU_seg0005,COUGH_017_Trial_2_Talking_IMU_seg0005_c0045,657.95,658.65,0.6999999999999318,71,10625,10696,0.38387274889802175,0.29707523248512624,True,,017,017_Trial_2_Talking,IMU
COUGH,COUGH_017_Trial_2_Talking_IMU_seg0005,COUGH_017_Trial_2_Talking_IMU_seg0005_c0046,659.23,660.54,1.3099999999999454,132,10753,10885,0.4293923080193511,0.29707523248512624,True,,017,017_Trial_2_Talking,IMU
COUGH,COUGH_017_Trial_2_Talking_IMU_seg0005,COUGH_017_Trial_2_Talking_IMU_seg0005_c0047,661.17,663.87,2.7000000000000455,271,10947,11218,0.4266035343905583,0.29707523248512624,True,,017,017_Trial_2_Talking,IMU
COUGH,COUGH_017_Trial_2_Talking_IMU_seg0005,COUGH_017_Trial_2_Talking_IMU_seg0005_c0048,666.99,669.02,2.0299999999999727,204,11529,11733,0.4871483758046438,0.29707523248512624,True,,017,017_Trial_2_Talking,IMU
COUGH,COUGH_017_Trial_2_Talking_IMU_seg0005,COUGH_017_Trial_2_Talking_IMU_seg0005_c0049,669.58,679.14,9.559999999999945,957,11788,12745,0.5678504887104319,0.29707523248512624,True,,017,017_Trial_2_Talking,IMU
COUGH,COUGH_017_Trial_2_Talking_IMU_seg0005,COUGH_017_Trial_2_Talking_IMU_seg0005_c0050,680.35,681.65,1.2999999999999545,131,12865,12996,0.5962759280906819,0.29707523248512624,True,,017,017_Trial_2_Talking,IMU
COUGH,COUGH_017_Trial_2_Talking_IMU_seg0005,COUGH_017_Trial_2_Talking_IMU_seg0005_c0051,682.24,686.71,4.470000000000027,448,13054,13502,0.5576033443027306,0.29707523248512624,True,,017,017_Trial_2_Talking,IMU
COUGH,COUGH_017_Trial_2_Talking_IMU_seg0005,COUGH_017_Trial_2_Talking_IMU_seg0005_c0052,687.25,687.98,0.7300000000000182,74,13555,13629,0.4277307399008256,0.29707523248512624,True,,017,017_Trial_2_Talking,IMU
COUGH,COUGH_017_Trial_2_Talking_IMU_seg0005,COUGH_017_Trial_2_Talking_IMU_seg0005_c0053,688.51,689.76,1.25,126,13681,13807,0.41613004737107,0.29707523248512624,True,,017,017_Trial_2_Talking,IMU
COUGH,COUGH_017_Trial_2_Talking_IMU_seg0005,COUGH_017_Trial_2_Talking_IMU_seg0005_c0054,690.56,693.15,2.590000000000032,260,13886,14146,2.7074658202357393,0.29707523248512624,True,,017,017_Trial_2_Talking,IMU
COUGH,COUGH_017_Trial_3_Nonverbal_IMU_seg0001,COUGH_017_Trial_3_Nonverbal_IMU_seg0001_c0001,6.52,7.61,1.0900000000000007,110,652,762,2.858817329253002,0.6432750870995001,True,,017,017_Trial_3_Nonverbal,IMU
COUGH,COUGH_017_Trial_3_Nonverbal_IMU_seg0001,COUGH_017_Trial_3_Nonverbal_IMU_seg0001_c0002,8.59,9.55,0.9600000000000009,97,859,956,2.2232357049031526,0.6432750870995001,True,,017,017_Trial_3_Nonverbal,IMU
COUGH,COUGH_017_Trial_3_Nonverbal_IMU_seg0001,COUGH_017_Trial_3_Nonverbal_IMU_seg0001_c0003,10.57,11.56,0.9900000000000002,100,1057,1157,1.9113045813156995,0.6432750870995001,True,,017,017_Trial_3_Nonverbal,IMU
COUGH,COUGH_017_Trial_3_Nonverbal_IMU_seg0040,COUGH_017_Trial_3_Nonverbal_IMU_seg0040_c0001,312.02,453.38,141.36,14137,28985,43122,2.856213820262304,0.7574472770227341,True,,017,017_Trial_3_Nonverbal,IMU
COUGH,COUGH_017_Trial_3_Nonverbal_IMU_seg0040,COUGH_017_Trial_3_Nonverbal_IMU_seg0040_c0002,453.9,454.19,0.29000000000002046,30,43173,43203,0.7886916724508303,0.7574472770227341,True,,017,017_Trial_3_Nonverbal,IMU
COUGH,COUGH_017_Trial_3_Nonverbal_IMU_seg0042,COUGH_017_Trial_3_Nonverbal_IMU_seg0042_c0001,599.94,605.15,5.209999999999923,522,3,525,1.4198114561421302,0.06272911377563457,True,,017,017_Trial_3_Nonverbal,IMU
COUGH,COUGH_017_Trial_3_Nonverbal_IMU_seg0042,COUGH_017_Trial_3_Nonverbal_IMU_seg0042_c0002,612.89,617.18,4.289999999999964,430,1298,1728,0.20956056617490873,0.06272911377563457,True,,017,017_Trial_3_Nonverbal,IMU
COUGH,COUGH_017_Trial_3_Nonverbal_IMU_seg0042,COUGH_017_Trial_3_Nonverbal_IMU_seg0042_c0003,618.66,621.88,3.2200000000000273,323,1875,2198,0.17673913066866553,0.06272911377563457,True,,017,017_Trial_3_Nonverbal,IMU
COUGH,COUGH_017_Trial_3_Nonverbal_IMU_seg0042,COUGH_017_Trial_3_Nonverbal_IMU_seg0042_c0004,622.56,623.24,0.6800000000000637,69,2265,2334,0.13940058782810727,0.06272911377563457,True,,017,017_Trial_3_Nonverbal,IMU
COUGH,COUGH_017_Trial_3_Nonverbal_IMU_seg0042,COUGH_017_Trial_3_Nonverbal_IMU_seg0042_c0005,640.0,640.88,0.8799999999999955,89,4009,4098,0.24031757879298915,0.06272911377563457,True,,017,017_Trial_3_Nonverbal,IMU
COUGH,COUGH_017_Trial_3_Nonverbal_IMU_seg0042,COUGH_017_Trial_3_Nonverbal_IMU_seg0042_c0006,644.69,646.78,2.089999999999918,210,4478,4688,0.3165149135473767,0.06272911377563457,True,,017,017_Trial_3_Nonverbal,IMU
COUGH,COUGH_017_Trial_3_Nonverbal_IMU_seg0042,COUGH_017_Trial_3_Nonverbal_IMU_seg0042_c0007,659.73,663.64,3.909999999999968,392,5982,6374,0.4379993631899932,0.06272911377563457,True,,017,017_Trial_3_Nonverbal,IMU
COUGH,COUGH_017_Trial_3_Nonverbal_IMU_seg0042,COUGH_017_Trial_3_Nonverbal_IMU_seg0042_c0008,676.23,677.59,1.3600000000000136,137,7632,7769,0.3310143091568684,0.06272911377563457,True,,017,017_Trial_3_Nonverbal,IMU
COUGH,COUGH_017_Trial_3_Nonverbal_IMU_seg0042,COUGH_017_Trial_3_Nonverbal_IMU_seg0042_c0009,679.13,683.61,4.480000000000018,449,7922,8371,0.321308395997314,0.06272911377563457,True,,017,017_Trial_3_Nonverbal,IMU
COUGH,COUGH_017_Trial_3_Nonverbal_IMU_seg0042,COUGH_017_Trial_3_Nonverbal_IMU_seg0042_c0010,696.3,696.87,0.57000000000005,58,9639,9697,0.11790661218053763,0.06272911377563457,True,,017,017_Trial_3_Nonverbal,IMU
COUGH,COUGH_017_Trial_3_Nonverbal_IMU_seg0042,COUGH_017_Trial_3_Nonverbal_IMU_seg0042_c0011,698.92,699.5,0.5800000000000409,59,9901,9960,0.08666049485844325,0.06272911377563457,True,,017,017_Trial_3_Nonverbal,IMU
COUGH,COUGH_017_Trial_3_Nonverbal_IMU_seg0042,COUGH_017_Trial_3_Nonverbal_IMU_seg0042_c0012,700.66,701.13,0.4700000000000273,48,10075,10123,0.09982081799472431,0.06272911377563457,True,,017,017_Trial_3_Nonverbal,IMU
COUGH,COUGH_017_Trial_3_Nonverbal_IMU_seg0042,COUGH_017_Trial_3_Nonverbal_IMU_seg0042_c0013,701.87,705.59,3.7200000000000273,373,10196,10569,0.39723142155631297,0.06272911377563457,True,,017,017_Trial_3_Nonverbal,IMU
COUGH,COUGH_017_Trial_3_Nonverbal_IMU_seg0042,COUGH_017_Trial_3_Nonverbal_IMU_seg0042_c0014,706.3,706.87,0.57000000000005,58,10639,10697,0.09283354208999176,0.06272911377563457,True,,017,017_Trial_3_Nonverbal,IMU
COUGH,COUGH_017_Trial_3_Nonverbal_IMU_seg0042,COUGH_017_Trial_3_Nonverbal_IMU_seg0042_c0015,722.28,723.16,0.8799999999999955,89,12237,12326,0.1657247970303237,0.06272911377563457,True,,017,017_Trial_3_Nonverbal,IMU
COUGH,COUGH_017_Trial_3_Nonverbal_IMU_seg0042,COUGH_017_Trial_3_Nonverbal_IMU_seg0042_c0016,725.05,725.89,0.8400000000000318,85,12514,12599,0.1636936908528404,0.06272911377563457,True,,017,017_Trial_3_Nonverbal,IMU
