dataset,record_identifier,segment_id,sample_count,duration_seconds,sampling_rate_hz,acc_mean,acc_std,acc_rms,acc_peak_to_peak,jerk_rms,jerk_peak_to_peak,acc_dominant_frequency_hz,acc_spectral_centroid_hz,acc_spectral_bandwidth_hz,acc_spectral_energy,gyro_mean,gyro_std,gyro_rms,gyro_peak_to_peak,gyro_dominant_frequency_hz,gyro_spectral_centroid_hz,gyro_spectral_bandwidth_hz,gyro_spectral_energy,subject_id,sensor_id
COUGH,"('005', 'IMU')",1,13694,138.835,100.0,0.8973570943319648,0.13371991006595818,0.9072655449734407,4.0675519913653835,6.1349312412991,435.40217097283477,2.294921875,3.6600425560021623,4.52982175727493,0.4126821238002528,15.728557813650262,37.57329165539396,40.732539531910305,691.2519923601899,0.048828125,1.8670469021525853,3.621967932896751,7851.868158241351,005,IMU
COUGH,"('005', 'IMU')",2,4791,48.56400000000002,100.0,0.9961344220687909,0.15043397480490892,1.0074294851779593,1.95896640341221,12.465311981579138,267.7870252091845,0.048828125,10.245699882304352,13.351263057931696,0.5752894573966224,101.09201457708025,87.71495567678436,133.84135706362534,1094.0249453667846,0.09765625,5.085901030740815,7.951884536334154,172919.70644679578,005,IMU
COUGH,"('005', 'IMU')",3,76638,777.018,100.0,1.1011736259118945,0.2638207352769937,1.132335963734281,6.791850524503601,9.947874152780201,670.1743321789788,2.392578125,4.1907631005178185,5.103595522905492,1.423205920768259,32.653546065460084,45.7090142093811,56.174443038115896,577.9776239231769,0.048828125,9.144172730916415,9.828207954124704,14034.088568290521,005,IMU
COUGH,"('005', 'IMU')",4,75526,765.739,100.0,1.1011116230950697,0.30886626055408295,1.1436105864426587,6.664671126277264,11.214893411886209,745.868414517582,2.44140625,4.071446634381817,4.978604836324704,1.964098815976677,40.22218542393942,52.326611706314985,65.99923100265052,564.7199506855912,0.048828125,8.711773533022795,8.83321512570651,21726.766172256226,005,IMU
COUGH,"('005', 'IMU')",5,74650,756.853,100.0,1.1001211906425332,0.23932429800712396,1.125852012352133,5.651100809495499,8.806985344152656,529.3951429724509,2.490234375,4.1613486057035685,4.959469352833337,1.215113180155547,32.185469165399915,36.70979561368094,48.82124045326109,497.6073663316121,0.048828125,8.854081716748741,9.968832602930885,11736.44957408431,005,IMU
COUGH,"('006', 'IMU')",1,74962,760.068,100.0,1.142995951979387,0.45245767963325123,1.2292915431663762,6.748291286278314,18.655403071077814,722.1977081417767,2.685546875,4.871302953346368,5.60062771357622,4.189290877533184,57.36165314439129,96.68069098107773,112.41670365224245,1174.1026128185033,2.685546875,8.245764959216867,7.3258207821706,96092.45428147519,006,IMU
COUGH,"('006', 'IMU')",2,78292,793.844,100.0,1.1462801237725586,0.47647133127009933,1.2413633842184697,6.750505329315653,20.941574356195993,883.9264888018783,2.734375,5.203858426623619,6.19622258878949,4.675032673838956,65.52820191851086,98.01952904785847,117.90578154372709,1309.0267727441635,2.734375,9.217794842516671,8.410882050751987,103584.28040209894,006,IMU
COUGH,"('006', 'IMU')",3,73131,741.501,100.0,1.1557193283601772,0.5213820028314569,1.2678826281725923,8.083979009641558,23.93259442006947,1042.3444047712278,2.734375,5.468881388815428,6.383151753989729,5.533582383155899,69.00011160518402,101.20271382359483,122.48675310738008,1326.3031936534626,2.734375,8.016828918908331,7.789490651764138,105219.58519780578,006,IMU
COUGH,"('007', 'IMU')",1,77869,789.532,100.0,0.9374759711644748,0.3327984068129989,0.9947944391119431,4.676648701612694,12.80394619538375,492.2755313362876,2.63671875,4.614159235086338,5.074211576046005,2.2204043611898454,26.018350992325967,40.57888699915568,48.20374112504252,495.3171612956692,2.63671875,7.133766806582502,6.273631570226198,14970.562690089635,007,IMU
COUGH,"('007', 'IMU')",2,74055,750.858,100.0,0.9344924201402174,0.3531777645375914,0.9990048131331954,4.875664096759761,13.543349977422606,627.5464541023944,2.587890625,4.469610642430004,5.161651452298329,2.5323912648612072,26.225773300124363,39.353435481063954,47.2914798811771,460.0840263538825,5.17578125,6.881568403999301,6.174849300360919,14523.163651446172,007,IMU
COUGH,"('007', 'IMU')",3,76258,773.183,100.0,0.9356371063263365,0.3592339245730921,1.0022304162710822,5.66963334381691,14.91182835727801,595.9110662750602,2.63671875,4.9105876169678435,5.708034942910989,2.629141608691226,25.45391774621454,39.58327416802188,47.06099789094833,496.3241408797279,3.955078125,6.965824977075406,6.877742780426222,15510.083931794668,007,IMU
COUGH,"('008', 'IMU')",1,74280,753.162,100.0,0.8874157859670798,0.37136046001177425,0.961985118618644,3.6286228254848973,10.356167167282257,294.0932608829944,2.44140625,3.4235873253553826,3.4143550290113858,2.8203375641420125,27.922631285146387,34.61104411964965,44.47018903646093,329.1977634308311,1.220703125,5.18571840600269,6.222804033528325,10440.081409366609,008,IMU
COUGH,"('008', 'IMU')",2,73126,741.469,100.0,0.8756942037849733,0.3471761854535162,0.9420040564077484,3.8242087855592746,9.881264499188633,325.6800822936599,2.490234375,3.4641966132725424,3.4357807765329125,2.4619453933748945,30.126451715737353,34.23795510019104,45.60527011676777,381.84945586236574,1.26953125,5.0716676886523375,6.189602637001359,10226.628361871068,008,IMU
COUGH,"('008', 'IMU')",3,72841,738.583,100.0,0.8833133467845243,0.37667960285913726,0.9602759977307539,3.6516252549600825,12.01184721305817,350.46406095291877,2.5390625,3.839046188154825,3.9509977677034116,2.899642276422297,31.08632861771587,37.167804507666375,48.45415894274428,485.4366257360481,1.26953125,5.131105165505715,6.201223139717503,14079.938177535316,008,IMU
COUGH,"('009', 'IMU')",1,74987,760.273,100.0,1.0369457925340015,0.38717367371496914,1.106869473005699,6.706343515691808,10.139354594619698,637.0589201993978,2.9296875,3.5016247497849817,2.7383218406491943,3.100985199274679,25.88164566589821,36.75214462349309,44.950858910606584,377.5164637019159,2.9296875,4.1078173738092865,4.832551790537494,8674.620351571726,009,IMU
COUGH,"('009', 'IMU')",2,16178,163.998,100.0,1.001243547264178,0.18472301452271395,1.0181410673538875,6.38704263949246,6.957048900677301,588.4542065669648,1.611328125,4.355194735618107,5.234998652858894,0.8327253659993112,7.87826202582572,18.414506055630913,20.029005113096236,351.3272441101031,0.048828125,2.980308119188113,6.248085550456176,5752.832619553659,009,IMU
COUGH,"('009', 'IMU')",3,71712,727.1030000000001,100.0,1.0323690294968746,0.39046021643535855,1.1037413617705307,5.288628269024638,9.673363897667507,393.50291055479994,2.83203125,3.3830572769727936,2.384604820955528,3.070758272352823,33.40463174555128,41.71213759563751,53.43942219797373,331.5527843191855,2.83203125,4.369728621913285,4.657258484506184,11063.539520082268,009,IMU
COUGH,"('009', 'IMU')",4,73221,742.398,100.0,1.0279083364467934,0.4033333014228228,1.104207091162454,6.731384916254553,11.947469570206232,546.3234441241955,2.880859375,3.834879613157845,3.351472983562223,3.340805444757315,31.86123470341007,43.047108490564014,53.55550229644169,302.35990271038594,2.880859375,4.747304734068607,5.474070199140515,12987.475990174844,009,IMU
COUGH,"('010', 'IMU')",1,73544,745.637,100.0,1.028163527097758,0.3223915203360343,1.0775233319231103,4.068523584652484,11.922840639627017,366.748749943407,2.490234375,4.392533813142194,4.752140151033746,2.1609488503536234,28.259292210412607,39.30268308031627,48.4075251747625,509.5139657497133,1.26953125,7.834320185154477,8.59877862781989,13768.358235172816,010,IMU
COUGH,"('010', 'IMU')",2,75580,766.281,100.0,1.0341881488457627,0.34914961424250324,1.0915358813794047,4.390418473027424,12.733287496482408,521.0501706152935,2.5390625,4.283577690229112,4.734243509192291,2.5180519923000135,33.062073819235906,44.102763219499046,55.11945617314999,551.5630837646769,1.26953125,8.51067344968191,9.00232523174123,18277.328092179254,010,IMU
COUGH,"('010', 'IMU')",3,72253,732.557,100.0,1.0373685746520005,0.35898058750953304,1.0977252032654676,4.378582093188363,13.738978154836879,442.8909829294661,2.5390625,4.491109873654724,4.946107980329678,2.627523370278697,31.288253276838734,43.118815427016614,53.27463783963938,541.2101810988038,1.26953125,8.236792301269103,9.478339741613551,17499.881446154985,010,IMU
COUGH,"('011', 'IMU')",1,74679,757.185,100.0,0.9491533987298736,0.2890782073261106,0.99219876248227,7.572426786116038,12.028502486055451,937.7718951975457,2.5390625,4.805904511774195,5.31550524840937,1.7279416439930804,44.454051956753126,64.83693871393126,78.61292105734137,651.8703410364672,2.5390625,6.336038340364122,6.4818108211343795,28362.692336667184,011,IMU
COUGH,"('011', 'IMU')",2,72541,735.528,100.0,0.9587662161737636,0.34456430014402106,1.0188018522803612,5.67292057444288,15.453462323004171,701.0256906142359,2.5390625,5.242172482685034,5.76980509455005,2.449740976691082,54.865124121448375,81.66972866773192,98.38763349894583,874.4988366218677,2.5390625,6.098708593568846,6.333142996395553,49815.67399260463,011,IMU
COUGH,"('011', 'IMU')",3,20499,207.842,100.0,0.9401917561204798,0.14338280631194622,0.951062125953295,6.86937043181284,6.4822243100915315,806.6354048932783,2.001953125,4.659487436591029,6.2467658235185874,0.35220912014081407,15.482890616283743,28.33933703423765,32.29300118254605,725.2546920172251,0.048828125,2.5260881460527536,4.926470917116722,11889.756156089403,011,IMU
COUGH,"('011', 'IMU')",4,71913,729.1560000000001,100.0,0.9589297352848373,0.3667236778885339,1.026660846208494,7.6156176794055925,17.169545638281214,954.761628973488,2.63671875,5.530528038403638,6.151940555459168,2.8040512860473874,58.06120946575364,84.0975646548501,102.19346566930204,686.2458097389097,2.63671875,6.163195232747887,6.669685168711029,52412.80141566459,011,IMU
COUGH,"('012', 'IMU')",2,72170,731.7259999999999,100.0,0.9609288506947952,0.39946199471475113,1.0406508258388631,5.34365717053003,16.631143450524874,539.0494915893623,2.587890625,5.012790473635869,5.453156538643217,3.165198681746466,38.785366607104656,49.87992358488747,63.184740560373626,634.8446382482222,5.224609375,6.767334619201551,7.036972244502801,19800.540447992953,012,IMU
COUGH,"('012', 'IMU')",3,69497,704.631,100.0,0.9507364428413978,0.3808577200444521,1.0241837660616246,4.643287123962358,13.76366060817877,438.3585851412553,2.587890625,4.498543919935334,4.45590860598392,2.889423582322393,38.66309492061615,46.88602126012076,60.77116008803082,414.08533117534677,1.318359375,6.190344395883712,6.529100860363118,17617.2937439416,012,IMU
COUGH,"('012', 'IMU')",4,70848,718.334,100.0,0.9656171083676367,0.4256740346343846,1.0552794813385653,6.522672384699996,20.840447869300718,812.7479271957077,2.587890625,5.983223341818999,6.54846450761802,3.526851110735565,44.36348034999909,50.08800005520231,66.90983588602427,927.1660995919452,1.318359375,6.530750403809129,7.587151410775999,23222.263299233888,012,IMU
COUGH,"('013', 'IMU')",1,72780,737.921,100.0,0.8840709579185344,0.3676491896301197,0.9574692607445311,4.355288215478365,12.628655864764845,314.271477963962,2.734375,4.257289916742834,4.205791938288316,2.772310265185287,40.39502488833613,58.45237169411774,71.05235951322513,451.5023375985998,2.734375,4.715918743427654,4.673277866985995,24508.898778741095,013,IMU
COUGH,"('013', 'IMU')",2,71282,722.746,100.0,0.8862603832400703,0.382931274340116,0.9654500648757455,4.491278741218587,14.279933461462825,394.76074072338946,2.83203125,4.652807061487859,4.630435605653835,3.0031711188882237,44.04442671183459,62.071804287558756,76.11058015734189,574.4822313477802,2.83203125,4.940649368621627,5.066140494692432,28245.150453067497,013,IMU
COUGH,"('013', 'IMU')",3,357,3.61,100.0,0.8832113357545642,0.010684800703191642,0.8832759639950747,0.06459377824078016,0.6083747110131061,4.059470750999469,2.5210084033613445,6.463397189888008,7.2178235727123825,0.0005057794096863924,7.788580900088644,4.322713590010534,8.907740747152861,23.16368193249933,0.5602240896358543,1.4509667535229942,2.3554272389640576,121.61221983548256,013,IMU
COUGH,"('013', 'IMU')",4,70660,716.4459999999999,100.0,0.8853375210081862,0.38281725836685354,0.9645577118080778,5.609615766062385,14.577730687001132,412.69765301445614,2.783203125,4.636746135595766,4.825897036633645,2.976556730348301,45.66015732292558,61.630259005491396,76.70162183316769,539.3525473400719,2.783203125,5.185483470190039,5.575137969649255,30495.953902345806,013,IMU
COUGH,"('014', 'IMU')",1,11736,118.975,100.0,0.9433556261737654,0.15529466786815352,0.9560524417112154,3.365602427455864,3.5140013430153134,213.30309708375026,2.001953125,2.4972049595244883,3.025280754854399,0.42728228136768204,8.125869735784685,17.599902795511746,19.38520924247153,157.0432929712616,0.048828125,0.9990097998093367,3.1432556084425767,4408.4668244870045,014,IMU
COUGH,"('014', 'IMU')",2,36685,371.931,100.0,0.9483814032573625,0.20631487237455445,0.9705632965486243,2.4460499981319064,4.568399059830955,185.94040677495886,2.05078125,2.7412069690929655,2.5069444874484947,0.9280954466718769,19.100779954611443,13.727057725604729,23.52173268865563,206.67842124175147,0.048828125,3.767009406815046,5.16257969304755,2541.7602467106526,014,IMU
COUGH,"('014', 'IMU')",3,73706,747.3149999999998,100.0,0.9407475498080433,0.1656490078709207,0.9552201559213759,3.218757859741268,3.5222350010002055,164.7018782407351,2.05078125,2.60699828124189,2.396087573251684,0.570710200000789,14.54743066301455,13.774189023765569,20.033871871349277,179.31190520031166,0.048828125,2.208324711712951,3.9076629340823983,2289.1197016581827,014,IMU
COUGH,"('014', 'IMU')",4,76511,775.768,100.0,0.9410186855372352,0.1609731549365848,0.9546876573730612,3.4012355072989595,3.509864923821219,243.53929620381558,2.05078125,2.5891024052511566,2.595448923398254,0.5443063073421462,16.102232300604115,14.613759675797134,21.74497314150038,262.156978584612,0.048828125,2.537122770154822,4.223629674932146,2792.3038273516713,014,IMU
COUGH,"('014', 'IMU')",5,72421,734.301,100.0,0.9477068031355299,0.1701706228300688,0.9628635550189547,2.9741832012885725,3.9081339045553065,287.90408745722374,2.05078125,2.734420182983373,2.7826434339174884,0.6149551047510963,17.059152738564503,15.181181037367255,22.836001178993484,267.9258693238533,0.048828125,2.8613528455864317,4.550875876728721,2978.7083241458895,014,IMU
COUGH,"('015', 'IMU')",1,72358,733.637,100.0,1.05631197830765,0.42241634758854063,1.1376425476511784,6.621487056284744,20.020039278388346,754.1173232435748,2.734375,5.72516616488085,5.975823351323864,3.6574565966034314,33.45573123172752,47.32582909625703,57.95705351290485,662.2686493861647,2.734375,7.7491266594756825,8.138831077673654,18753.891035569002,015,IMU
COUGH,"('015', 'IMU')",2,71563,725.553,100.0,1.0737749606453222,0.47919767058138163,1.1758499366838806,9.861482171611566,26.00451019114646,1107.8771554771588,2.587890625,6.586095664171778,6.963261106989561,4.74913002906749,41.657715983535006,61.62554802357839,74.38463194888601,1122.1982275311257,5.224609375,7.97240984008243,8.044117966280217,40550.7479992496,015,IMU
COUGH,"('015', 'IMU')",3,71944,729.463,100.0,1.066286978448408,0.3929749549160554,1.1363966013676348,8.545650938322932,18.68231500043294,1047.3321375937564,2.63671875,5.6793784399304945,6.064476183300223,3.163477836018363,44.73368562152089,62.078412202483754,76.51687324287728,1159.4262474024888,2.63671875,6.982739170318463,7.428775429181798,42405.072483941876,015,IMU
COUGH,"('016', 'IMU')",33,75831,768.8569999999999,100.0,1.1634457369448583,0.3686758562578011,1.220462154186924,4.4808325907831685,10.314783515888616,329.1179029350445,2.880859375,3.6585128200830983,3.0099553289742835,2.8216466700466603,32.86638628713353,38.49147350659041,50.6141569156657,425.6229004261261,5.76171875,5.665680205575605,5.532435357510261,12569.837968561984,016,IMU
COUGH,"('016', 'IMU')",34,75407,764.596,100.0,1.1564282839365139,0.2930257341027158,1.1929754635929382,5.539107468740394,9.293992753961682,628.0512039083758,2.83203125,4.077825778757471,3.439348044851215,1.7675911592897486,31.66940730765237,32.08409230867157,45.081485539956915,521.8320039361706,0.048828125,4.807926922276557,5.28873529371468,9167.989947153284,016,IMU
COUGH,"('016', 'IMU')",35,74598,756.403,100.0,1.1617199823599231,0.37996890786209825,1.2222805276843187,4.6049733210578,11.61023433175236,358.9862051662733,2.880859375,3.9583413430136503,3.3202950690144335,3.016315101462394,40.34368411308231,39.646787224774286,56.563951285803014,440.6470741874376,0.048828125,4.862727071523918,5.34585352173819,15772.202603564474,016,IMU
COUGH,"('017', 'IMU')",1,77520,775.19,100.0,1.0892761703544949,0.38578217034199436,1.1555736489968669,5.3615718476220104,8.581728525576775,475.6901075642602,2.734375,3.0750184961431817,1.9737801755517732,3.1056501477491043,42.97766961302224,62.83655713325732,76.12826674584944,671.4058582037388,5.419921875,5.315274533095479,3.893399703613885,24251.1312075478,017,IMU
COUGH,"('017', 'IMU')",2,2046,20.45,100.0,1.089818668109412,0.4034147666655074,1.162087863856928,6.1494881348917545,16.127599278434122,767.1733602248793,1.466275659824047,4.138278540278843,6.0749128108011385,7.258598910640578,46.05669500487522,47.797559429003826,66.37639521803855,661.6384667920399,0.4887585532746823,4.954832352480001,6.208351026923306,78500.02397921911,017,IMU
COUGH,"('017', 'IMU')",4,158,1.5700000000000003,100.0,1.1044218878395162,0.3002590906352379,1.1445100383343527,2.3030515249723535,8.925651838395423,77.97439871820794,4.430379746835443,4.157071864567005,2.076877317630894,0.0179553871326573,57.49202125812373,40.33273569319619,70.22864142813651,211.36456767256527,0.6329113924050632,1.1830953330007463,2.06695155964516,1639.5936965164346,017,IMU
COUGH,"('017', 'IMU')",5,52956,529.55,100.0,1.08838790520154,0.4457787856954464,1.1761407050030634,3.8328171733921366,10.07953728574854,238.9894217652639,2.587890625,3.0881582180488802,2.0255270988071294,4.176268648552195,48.208225142892694,61.094483747733285,77.82396106489233,463.5840993248255,5.224609375,5.706583348578685,4.090894920404542,29036.230203110466,017,IMU
COUGH,"('017', 'IMU')",6,29438,294.37,100.0,1.0733646567827941,0.1333646855017038,1.0816181515532244,4.056267487651041,3.398620396995067,240.737332299189,1.5625,3.2986574758446867,2.580770771296977,0.36987013480203357,21.688518242683543,21.28861280198444,30.39073639443494,309.2867929113515,0.048828125,3.160902440916847,4.494986416002973,5927.475443092409,017,IMU
COUGH,"('017', 'IMU')",7,1514,15.13,100.0,1.093980422628152,0.4599420409240366,1.1867349519176715,4.455980775400673,11.750582113429017,303.2028786227461,1.4531043593130777,2.732804625424212,3.7683426781980796,6.03748070768784,42.886862543207705,50.8545472059968,66.52419071531008,417.94740777405156,0.06605019815059444,3.7157778190127093,4.931589628661241,63624.33728577818,017,IMU
COUGH,"('017', 'IMU')",8,54,0.5299999999999994,100.0,1.068869358907645,0.10201941116781152,1.0737269982014361,0.3866392877582431,3.4957693213642878,17.436683400102176,3.7037037037037033,4.471876284166968,2.281720328608168,0.004731602890445893,21.732687075200825,8.78453932321033,23.440943211177096,42.840540575036556,5.555555555555555,6.781526111076554,4.085399275025762,63.93800895360953,017,IMU
COUGH,"('017', 'IMU')",12,108,1.0700000000000003,100.0,1.0524098055127018,0.13477192449129388,1.0610041801851537,0.5826798071413906,4.591784089634191,37.522744894370916,0.9259259259259258,2.7775558894034047,2.290832202353203,0.021317268093288926,39.66840994767367,18.75125008008527,43.8770113766035,83.83948019244079,1.8518518518518516,2.6151325797229314,2.0192945836292284,390.42893099270117,017,IMU
COUGH,"('017', 'IMU')",14,84,0.8300000000000018,100.0,1.1360731816062757,0.2824096565810599,1.170648319562813,1.5900072631649973,7.374193078038265,44.83154303583174,3.571428571428571,3.6208847477420703,1.9412663102073016,0.08580778010694012,52.366521097233544,46.07221709763968,69.74884744652809,190.9682742401047,1.1904761904761905,3.8754536284403245,4.36623226327039,1484.3831204508754,017,IMU
COUGH,"('017', 'IMU')",38,134,1.3300000000000018,100.0,1.08432120411613,0.005200118221619122,1.0843336732414857,0.03041874484501328,0.4773864189371692,3.002599141462767,5.223880597014925,12.662712867899165,9.666993344300232,4.158977290695588e-05,3.5131080582932706,1.4879983531956924,3.8152414508597237,8.190079968514631,4.477611940298507,6.313094918770359,7.25083734911938,2.3860955043945022,017,IMU
COUGH,"('017', 'IMU')",46,57674,576.73,100.0,1.1026170711228351,0.4917695336613966,1.2073117574881174,4.347601433348895,12.052613609416515,292.4844080087337,2.734375,3.335419983471269,2.2885824513253055,5.0202041185124875,60.35442660732699,71.22236222869158,93.35567306026012,584.3429765206204,5.419921875,6.242655846253984,5.097928380055888,45384.55411692474,017,IMU
COUGH,"('017', 'IMU')",47,94,0.9300000000000637,100.0,1.072234067357011,0.0449142032112793,1.0731743478349938,0.27041041986960745,2.312474841779502,20.275058883257124,2.127659574468085,3.819308417373223,3.9319466521427335,0.0018853038663159422,49.960814646025916,15.572757648463615,52.33157537158938,54.94047735933656,1.0638297872340425,1.3506024815397217,2.4604046126642634,200.90404690469936,017,IMU
COUGH,"('017', 'IMU')",48,14122,141.21000000000004,100.0,1.0706706630817997,0.05410899179755749,1.0720370570914834,2.10920295534649,1.8361375902168129,103.07188036046004,4.541015625,4.93494107623309,4.4441178738914155,0.03179472497500065,11.442170406903458,18.65489057137296,21.884428387566285,245.02973106339564,0.048828125,1.9626913966891617,3.998360359240034,5530.26551045844,017,IMU
