dataset,record_id,subject_id,segment_id,candidate_id,start_timestamp,end_timestamp,duration_seconds,peak_activity_score,sensor_id,manual_label,confidence,reviewer_notes,allowed_label_values
COUGH,Trial_3_Nonverbal,17,COUGH_Trial_3_Nonverbal_IMU_seg0056,COUGH_Trial_3_Nonverbal_IMU_seg0056_c0016,706.3,706.89,0.5900000000000318,0.0906998800933686,IMU,,,,artifact / likely_fetal / uncertain
COUGH,Trial_1_No_Talking,14,COUGH_Trial_1_No_Talking_IMU_seg0013,COUGH_Trial_1_No_Talking_IMU_seg0013_c0007,67.817,70.796,2.9790000000000134,0.0892861781695851,IMU,,,,artifact / likely_fetal / uncertain
COUGH,Trial_3_Nonverbal,13,COUGH_Trial_3_Nonverbal_IMU_seg0010,COUGH_Trial_3_Nonverbal_IMU_seg0010_c0001,1.977,2.463,0.486,0.0666654249172628,IMU,,,,artifact / likely_fetal / uncertain
COUGH,Trial_1_No_Talking,5,COUGH_Trial_1_No_Talking_IMU_seg0001,COUGH_Trial_1_No_Talking_IMU_seg0001_c0013,126.161,126.779,0.617999999999995,0.2880825778580763,IMU,,,,artifact / likely_fetal / uncertain
COUGH,Trial_3_Nonverbal,11,COUGH_Trial_3_Nonverbal_IMU_seg0007,COUGH_Trial_3_Nonverbal_IMU_seg0007_c0010,54.915,55.372,0.4570000000000007,0.1071046459892557,IMU,,,,artifact / likely_fetal / uncertain
COUGH,Trial_2_Talking,9,COUGH_Trial_2_Talking_IMU_seg0005,COUGH_Trial_2_Talking_IMU_seg0005_c0015,104.439,105.698,1.2590000000000003,0.0671340167818217,IMU,,,,artifact / likely_fetal / uncertain
COUGH,Trial_3_Nonverbal,17,COUGH_Trial_3_Nonverbal_IMU_seg0056,COUGH_Trial_3_Nonverbal_IMU_seg0056_c0008,646.3,646.81,0.5099999999999909,0.156716773667741,IMU,,,,artifact / likely_fetal / uncertain
COUGH,Trial_2_Talking,9,COUGH_Trial_2_Talking_IMU_seg0005,COUGH_Trial_2_Talking_IMU_seg0005_c0014,102.686,103.172,0.48599999999999,0.2111916043196034,IMU,,,,artifact / likely_fetal / uncertain
COUGH,Trial_1_No_Talking,5,COUGH_Trial_1_No_Talking_IMU_seg0001,COUGH_Trial_1_No_Talking_IMU_seg0001_c0007,50.127,50.705,0.5779999999999959,0.0663334366934764,IMU,,,,artifact / likely_fetal / uncertain
COUGH,Trial_3_Nonverbal,11,COUGH_Trial_3_Nonverbal_IMU_seg0007,COUGH_Trial_3_Nonverbal_IMU_seg0007_c0032,182.411,183.881,1.4699999999999989,0.1484646633344024,IMU,,,,artifact / likely_fetal / uncertain
COUGH,Trial_1_No_Talking,5,COUGH_Trial_1_No_Talking_IMU_seg0001,COUGH_Trial_1_No_Talking_IMU_seg0001_c0011,82.462,82.958,0.4959999999999951,0.0678889532477176,IMU,,,,artifact / likely_fetal / uncertain
COUGH,Trial_1_No_Talking,14,COUGH_Trial_1_No_Talking_IMU_seg0013,COUGH_Trial_1_No_Talking_IMU_seg0013_c0010,96.995,98.526,1.5309999999999917,0.0635676721890479,IMU,,,,artifact / likely_fetal / uncertain
COUGH,Trial_2_Talking,17,COUGH_Trial_2_Talking_IMU_seg0018,COUGH_Trial_2_Talking_IMU_seg0018_c0002,558.96,559.68,0.7199999999999136,0.3291693619326177,IMU,,,,artifact / likely_fetal / uncertain
COUGH,Trial_1_No_Talking,14,COUGH_Trial_1_No_Talking_IMU_seg0013,COUGH_Trial_1_No_Talking_IMU_seg0013_c0012,105.065,106.352,1.287000000000006,0.0486320057746231,IMU,,,,artifact / likely_fetal / uncertain
COUGH,Trial_1_No_Talking,14,COUGH_Trial_1_No_Talking_IMU_seg0013,COUGH_Trial_1_No_Talking_IMU_seg0013_c0002,9.359,10.099,0.7400000000000002,0.0333024050319067,IMU,,,,artifact / likely_fetal / uncertain
COUGH,Trial_2_Talking,7,COUGH_Trial_2_Talking_IMU_seg0003,COUGH_Trial_2_Talking_IMU_seg0003_c0003,325.727,326.193,0.4660000000000082,0.4757096446239525,IMU,,,,artifact / likely_fetal / uncertain
COUGH,Trial_3_Nonverbal,9,COUGH_Trial_3_Nonverbal_IMU_seg0005,COUGH_Trial_3_Nonverbal_IMU_seg0005_c0009,543.11,544.023,0.9130000000000108,0.6058640084916406,IMU,,,,artifact / likely_fetal / uncertain
COUGH,Trial_2_Talking,10,COUGH_Trial_2_Talking_IMU_seg0007,COUGH_Trial_2_Talking_IMU_seg0007_c0002,326.663,327.221,0.5579999999999927,0.4949411909084609,IMU,,,,artifact / likely_fetal / uncertain
COUGH,Trial_3_Nonverbal,5,COUGH_Trial_3_Nonverbal_IMU_seg0001,COUGH_Trial_3_Nonverbal_IMU_seg0001_c0006,273.86,274.297,0.4370000000000118,0.5881475508520195,IMU,,,,artifact / likely_fetal / uncertain
COUGH,Trial_3_Nonverbal,11,COUGH_Trial_3_Nonverbal_IMU_seg0008,COUGH_Trial_3_Nonverbal_IMU_seg0008_c0004,896.573,897.121,0.5480000000000018,0.5388160931249089,IMU,,,,artifact / likely_fetal / uncertain
COUGH,Trial_3_Nonverbal,9,COUGH_Trial_3_Nonverbal_IMU_seg0005,COUGH_Trial_3_Nonverbal_IMU_seg0005_c0006,482.559,483.32,0.7609999999999673,0.5712224638043254,IMU,,,,artifact / likely_fetal / uncertain
COUGH,Trial_3_Nonverbal,14,COUGH_Trial_3_Nonverbal_IMU_seg0012,COUGH_Trial_3_Nonverbal_IMU_seg0012_c0002,319.675,320.234,0.5589999999999691,0.4554749191901859,IMU,,,,artifact / likely_fetal / uncertain
COUGH,Trial_2_Talking,11,COUGH_Trial_2_Talking_IMU_seg0008,COUGH_Trial_2_Talking_IMU_seg0008_c0005,312.057,313.365,1.3079999999999927,0.5455830830047184,IMU,,,,artifact / likely_fetal / uncertain
COUGH,Trial_3_Nonverbal,9,COUGH_Trial_3_Nonverbal_IMU_seg0005,COUGH_Trial_3_Nonverbal_IMU_seg0005_c0003,297.507,297.993,0.48599999999999,0.5652672504595728,IMU,,,,artifact / likely_fetal / uncertain
COUGH,Trial_2_Talking,16,COUGH_Trial_2_Talking_IMU_seg0013,COUGH_Trial_2_Talking_IMU_seg0013_c0003,224.817,225.305,0.4879999999999995,0.5998526689804201,IMU,,,,artifact / likely_fetal / uncertain
COUGH,Trial_2_Talking,17,COUGH_Trial_2_Talking_IMU_seg0018,COUGH_Trial_2_Talking_IMU_seg0018_c0012,661.16,664.58,3.4200000000000728,0.4213877008892178,IMU,,,,artifact / likely_fetal / uncertain
COUGH,Trial_3_Nonverbal,11,COUGH_Trial_3_Nonverbal_IMU_seg0008,COUGH_Trial_3_Nonverbal_IMU_seg0008_c0003,895.498,896.035,0.5369999999999209,0.5053920794759255,IMU,,,,artifact / likely_fetal / uncertain
COUGH,Trial_1_No_Talking,5,COUGH_Trial_1_No_Talking_IMU_seg0002,COUGH_Trial_1_No_Talking_IMU_seg0002_c0001,259.529,260.736,1.2069999999999936,0.627280315703024,IMU,,,,artifact / likely_fetal / uncertain
COUGH,Trial_1_No_Talking,14,COUGH_Trial_1_No_Talking_IMU_seg0014,COUGH_Trial_1_No_Talking_IMU_seg0014_c0012,411.242,412.235,0.992999999999995,0.6153493202069217,IMU,,,,artifact / likely_fetal / uncertain
COUGH,Trial_2_Talking,17,COUGH_Trial_2_Talking_IMU_seg0018,COUGH_Trial_2_Talking_IMU_seg0018_c0001,552.43,558.41,5.980000000000018,0.4198843300315665,IMU,,,,artifact / likely_fetal / uncertain
COUGH,Trial_2_Talking,7,COUGH_Trial_2_Talking_IMU_seg0003,COUGH_Trial_2_Talking_IMU_seg0003_c0010,617.191,617.729,0.5380000000000109,1.1849239061990038,IMU,,,,artifact / likely_fetal / uncertain
COUGH,Trial_1_No_Talking,9,COUGH_Trial_1_No_Talking_IMU_seg0007,COUGH_Trial_1_No_Talking_IMU_seg0007_c0009,489.58,490.27,0.6899999999999977,0.6731444083631933,IMU,,,,artifact / likely_fetal / uncertain
COUGH,Trial_3_Nonverbal,10,COUGH_Trial_3_Nonverbal_IMU_seg0006,COUGH_Trial_3_Nonverbal_IMU_seg0006_c0004,534.473,535.336,0.8630000000000564,0.6539134486290025,IMU,,,,artifact / likely_fetal / uncertain
COUGH,Trial_1_No_Talking,5,COUGH_Trial_1_No_Talking_IMU_seg0002,COUGH_Trial_1_No_Talking_IMU_seg0002_c0007,285.707,287.116,1.4089999999999918,1.3758686284486266,IMU,,,,artifact / likely_fetal / uncertain
COUGH,Trial_3_Nonverbal,12,COUGH_Trial_3_Nonverbal_IMU_seg0009,COUGH_Trial_3_Nonverbal_IMU_seg0009_c0008,461.022,461.316,0.2939999999999827,1.00917423720405,IMU,,,,artifact / likely_fetal / uncertain
COUGH,Trial_3_Nonverbal,9,COUGH_Trial_3_Nonverbal_IMU_seg0005,COUGH_Trial_3_Nonverbal_IMU_seg0005_c0011,607.678,608.174,0.4959999999999809,1.1896474605577128,IMU,,,,artifact / likely_fetal / uncertain
COUGH,Trial_3_Nonverbal,14,COUGH_Trial_3_Nonverbal_IMU_seg0012,COUGH_Trial_3_Nonverbal_IMU_seg0012_c0003,320.781,387.104,66.32299999999998,0.6879276411284622,IMU,,,,artifact / likely_fetal / uncertain
COUGH,Trial_3_Nonverbal,12,COUGH_Trial_3_Nonverbal_IMU_seg0009,COUGH_Trial_3_Nonverbal_IMU_seg0009_c0009,462.37,463.029,0.6589999999999918,0.8009338068118765,IMU,,,,artifact / likely_fetal / uncertain
COUGH,Trial_2_Talking,9,COUGH_Trial_2_Talking_IMU_seg0006,COUGH_Trial_2_Talking_IMU_seg0006_c0002,698.221,700.106,1.884999999999991,0.7133818275235612,IMU,,,,artifact / likely_fetal / uncertain
COUGH,Trial_1_No_Talking,16,COUGH_Trial_1_No_Talking_IMU_seg0049,COUGH_Trial_1_No_Talking_IMU_seg0049_c0002,1032.212,1032.83,0.6179999999999382,0.7092858089561846,IMU,,,,artifact / likely_fetal / uncertain
COUGH,Trial_1_No_Talking,16,COUGH_Trial_1_No_Talking_IMU_seg0049,COUGH_Trial_1_No_Talking_IMU_seg0049_c0006,1175.317,1176.229,0.9120000000000346,0.6861007415248639,IMU,,,,artifact / likely_fetal / uncertain
COUGH,Trial_3_Nonverbal,12,COUGH_Trial_3_Nonverbal_IMU_seg0009,COUGH_Trial_3_Nonverbal_IMU_seg0009_c0002,182.751,183.633,0.882000000000005,0.8585754070012054,IMU,,,,artifact / likely_fetal / uncertain
COUGH,Trial_3_Nonverbal,17,COUGH_Trial_3_Nonverbal_IMU_seg0054,COUGH_Trial_3_Nonverbal_IMU_seg0054_c0002,453.9,454.43,0.5300000000000296,0.7958252093476816,IMU,,,,artifact / likely_fetal / uncertain
COUGH,Trial_1_No_Talking,14,COUGH_Trial_1_No_Talking_IMU_seg0014,COUGH_Trial_1_No_Talking_IMU_seg0014_c0003,337.096,339.974,2.877999999999986,1.2439162900264544,IMU,,,,artifact / likely_fetal / uncertain
COUGH,Trial_1_No_Talking,16,COUGH_Trial_1_No_Talking_IMU_seg0049,COUGH_Trial_1_No_Talking_IMU_seg0049_c0003,1034.717,1035.699,0.9819999999999708,0.7936487657803122,IMU,,,,artifact / likely_fetal / uncertain
COUGH,Trial_1_No_Talking,16,COUGH_Trial_1_No_Talking_IMU_seg0049,COUGH_Trial_1_No_Talking_IMU_seg0049_c0004,1036.602,1152.19,115.58799999999997,2.134163967753174,IMU,,,,artifact / likely_fetal / uncertain
COUGH,Trial_1_No_Talking,13,COUGH_Trial_1_No_Talking_IMU_seg0012,COUGH_Trial_1_No_Talking_IMU_seg0012_c0002,315.64,460.387,144.747,3.049402351681328,IMU,,,,artifact / likely_fetal / uncertain
COUGH,Trial_3_Nonverbal,17,COUGH_Trial_3_Nonverbal_IMU_seg0054,COUGH_Trial_3_Nonverbal_IMU_seg0054_c0001,312.01,453.38,141.37,2.823228369397844,IMU,,,,artifact / likely_fetal / uncertain
COUGH,Trial_2_Talking,9,COUGH_Trial_2_Talking_IMU_seg0006,COUGH_Trial_2_Talking_IMU_seg0006_c0003,861.04,1001.835,140.79500000000007,2.30585275582277,IMU,,,,artifact / likely_fetal / uncertain
COUGH,Trial_1_No_Talking,10,COUGH_Trial_1_No_Talking_IMU_seg0008,COUGH_Trial_1_No_Talking_IMU_seg0008_c0001,13.434,17.418,3.984,2.269848489837752,IMU,,,,artifact / likely_fetal / uncertain
COUGH,Trial_2_Talking,13,COUGH_Trial_2_Talking_IMU_seg0010,COUGH_Trial_2_Talking_IMU_seg0010_c0002,308.327,448.504,140.17700000000002,3.053886788440604,IMU,,,,artifact / likely_fetal / uncertain
COUGH,Trial_3_Nonverbal,15,COUGH_Trial_3_Nonverbal_IMU_seg0013,COUGH_Trial_3_Nonverbal_IMU_seg0013_c0005,321.349,459.976,138.627,4.461986936860552,IMU,,,,artifact / likely_fetal / uncertain
COUGH,Trial_3_Nonverbal,6,COUGH_Trial_3_Nonverbal_IMU_seg0002,COUGH_Trial_3_Nonverbal_IMU_seg0002_c0001,12.319,13.141,0.8219999999999992,2.460219796725144,IMU,,,,artifact / likely_fetal / uncertain
COUGH,Trial_3_Nonverbal,11,COUGH_Trial_3_Nonverbal_IMU_seg0007,COUGH_Trial_3_Nonverbal_IMU_seg0007_c0004,24.082,31.473,7.390999999999998,4.451497276368947,IMU,,,,artifact / likely_fetal / uncertain
COUGH,Trial_1_No_Talking,16,COUGH_Trial_1_No_Talking_IMU_seg0049,COUGH_Trial_1_No_Talking_IMU_seg0049_c0005,1152.727,1174.515,21.78800000000001,2.0623912174316343,IMU,,,,artifact / likely_fetal / uncertain
COUGH,Trial_1_No_Talking,9,COUGH_Trial_1_No_Talking_IMU_seg0007,COUGH_Trial_1_No_Talking_IMU_seg0007_c0001,8.901,12.307,3.4060000000000006,4.353889386314342,IMU,,,,artifact / likely_fetal / uncertain
COUGH,Trial_3_Nonverbal,15,COUGH_Trial_3_Nonverbal_IMU_seg0013,COUGH_Trial_3_Nonverbal_IMU_seg0013_c0017,593.249,593.908,0.6589999999999918,2.486477024216264,IMU,,,,artifact / likely_fetal / uncertain
COUGH,Trial_1_No_Talking,7,COUGH_Trial_1_No_Talking_IMU_seg0005,COUGH_Trial_1_No_Talking_IMU_seg0005_c0010,356.498,499.099,142.601,2.684379406698273,IMU,,,,artifact / likely_fetal / uncertain
COUGH,Trial_1_No_Talking,6,COUGH_Trial_1_No_Talking_IMU_seg0004,COUGH_Trial_1_No_Talking_IMU_seg0004_c0001,10.686,13.85,3.164,2.3629801221332065,IMU,,,,artifact / likely_fetal / uncertain
COUGH,Trial_1_No_Talking,11,COUGH_Trial_1_No_Talking_IMU_seg0009,COUGH_Trial_1_No_Talking_IMU_seg0009_c0003,15.158,16.345,1.1869999999999994,4.490726806389476,IMU,,,,artifact / likely_fetal / uncertain
FOUR_IMU,record_35,record_35,FOUR_IMU_record_35_IMU1_seg0045,FOUR_IMU_record_35_IMU1_seg0045_c0004,369.9863049983978,370.2554631233216,0.2691581249237629,303.14811908022943,IMU1,,,,artifact / likely_fetal / uncertain
FOUR_IMU,record_14,record_14,FOUR_IMU_record_14_IMU2_seg0124,FOUR_IMU_record_14_IMU2_seg0124_c0003,3011.424797058105,3011.825339078903,0.4005420207981842,296.5112839177103,IMU2,,,,artifact / likely_fetal / uncertain
FOUR_IMU,record_41,record_41,FOUR_IMU_record_41_IMU4_seg0006,FOUR_IMU_record_41_IMU4_seg0006_c0002,342.7370090484619,343.13848400115967,0.4014749526977539,299.0507338447059,IMU4,,,,artifact / likely_fetal / uncertain
FOUR_IMU,record_43,record_43,FOUR_IMU_record_43_IMU3_seg0006,FOUR_IMU_record_43_IMU3_seg0006_c0005,434.73087787628174,435.0156619548798,0.2847840785980793,260.29759331441045,IMU3,,,,artifact / likely_fetal / uncertain
FOUR_IMU,record_16,record_16,FOUR_IMU_record_16_IMU3_seg0072,FOUR_IMU_record_16_IMU3_seg0072_c0005,331.8768680095673,332.5511519908905,0.6742839813231853,327.7166224918011,IMU3,,,,artifact / likely_fetal / uncertain
FOUR_IMU,record_40,record_40,FOUR_IMU_record_40_IMU2_seg0047,FOUR_IMU_record_40_IMU2_seg0047_c0001,2751.6852989196777,2752.179645061493,0.4943461418151855,296.3430188681533,IMU2,,,,artifact / likely_fetal / uncertain
FOUR_IMU,record_10,record_10,FOUR_IMU_record_10_IMU3_seg0010,FOUR_IMU_record_10_IMU3_seg0010_c0001,358.8041479587555,359.6189200878144,0.8147721290588947,298.8567001588235,IMU3,,,,artifact / likely_fetal / uncertain
FOUR_IMU,record_16,record_16,FOUR_IMU_record_16_IMU2_seg0003,FOUR_IMU_record_16_IMU2_seg0003_c0003,175.39225387573242,175.69428181648254,0.302027940750122,274.42081394933405,IMU2,,,,artifact / likely_fetal / uncertain
FOUR_IMU,record_38,record_38,FOUR_IMU_record_38_IMU2_seg0041,FOUR_IMU_record_38_IMU2_seg0041_c0003,126.7881350517273,127.07494497299191,0.28680992126462,308.56989520499326,IMU2,,,,artifact / likely_fetal / uncertain
FOUR_IMU,record_23,record_23,FOUR_IMU_record_23_IMU1_seg0113,FOUR_IMU_record_23_IMU1_seg0113_c0003,434.1859209537506,434.4548020362855,0.2688810825349037,323.6570661210028,IMU1,,,,artifact / likely_fetal / uncertain
FOUR_IMU,record_19,record_19,FOUR_IMU_record_19_IMU2_seg0116,FOUR_IMU_record_19_IMU2_seg0116_c0014,231.74346494674683,232.0127789974213,0.2693140506744669,271.56262236780464,IMU2,,,,artifact / likely_fetal / uncertain
FOUR_IMU,record_9,record_9,FOUR_IMU_record_9_IMU1_seg0004,FOUR_IMU_record_9_IMU1_seg0004_c0010,344.42500710487366,344.6942231655121,0.2692160606384277,313.38834742606633,IMU1,,,,artifact / likely_fetal / uncertain
FOUR_IMU,record_33,record_33,FOUR_IMU_record_33_IMU3_seg0031,FOUR_IMU_record_33_IMU3_seg0031_c0003,1908.3138301372528,1908.6194441318512,0.3056139945983886,299.82580959819114,IMU3,,,,artifact / likely_fetal / uncertain
FOUR_IMU,record_7,record_7,FOUR_IMU_record_7_IMU4_seg0038,FOUR_IMU_record_7_IMU4_seg0038_c0002,1508.0781841278076,1508.347041130066,0.2688570022583008,281.36968247569223,IMU4,,,,artifact / likely_fetal / uncertain
FOUR_IMU,record_22,record_22,FOUR_IMU_record_22_IMU4_seg0038,FOUR_IMU_record_22_IMU4_seg0038_c0003,395.0883631706238,395.3563590049744,0.2679958343506428,262.1134949214749,IMU4,,,,artifact / likely_fetal / uncertain
FOUR_IMU,record_23,record_23,FOUR_IMU_record_23_IMU1_seg0013,FOUR_IMU_record_23_IMU1_seg0013_c0007,1148.296126127243,1148.6650221347809,0.3688960075378418,303.17215242037696,IMU1,,,,artifact / likely_fetal / uncertain
FOUR_IMU,record_32,record_32,FOUR_IMU_record_32_IMU2_seg0045,FOUR_IMU_record_32_IMU2_seg0045_c0001,1016.1978490352632,1016.5673549175262,0.3695058822630699,328.7210065440196,IMU2,,,,artifact / likely_fetal / uncertain
FOUR_IMU,record_43,record_43,FOUR_IMU_record_43_IMU4_seg0025,FOUR_IMU_record_43_IMU4_seg0025_c0001,2072.2287938594823,2072.6404469013214,0.4116530418391448,322.92819994443425,IMU4,,,,artifact / likely_fetal / uncertain
FOUR_IMU,record_25,record_25,FOUR_IMU_record_25_IMU4_seg0062,FOUR_IMU_record_25_IMU4_seg0062_c0006,1409.43874502182,1409.8072590827942,0.3685140609741211,331.9534099929336,IMU4,,,,artifact / likely_fetal / uncertain
FOUR_IMU,record_9,record_9,FOUR_IMU_record_9_IMU1_seg0076,FOUR_IMU_record_9_IMU1_seg0076_c0003,300.5481789112091,301.4970009326935,0.948822021484375,301.5577958216655,IMU1,,,,artifact / likely_fetal / uncertain
FOUR_IMU,record_25,record_25,FOUR_IMU_record_25_IMU3_seg0057,FOUR_IMU_record_25_IMU3_seg0057_c0019,724.5807120800018,725.1192610263824,0.5385489463806152,307.00695866572363,IMU3,,,,artifact / likely_fetal / uncertain
FOUR_IMU,record_34,record_34,FOUR_IMU_record_34_IMU2_seg0087,FOUR_IMU_record_34_IMU2_seg0087_c0001,1969.8903989791868,1970.3053288459776,0.4149298667907715,271.4111661085664,IMU2,,,,artifact / likely_fetal / uncertain
FOUR_IMU,record_5,record_5,FOUR_IMU_record_5_IMU2_seg0108,FOUR_IMU_record_5_IMU2_seg0108_c0004,2353.3825540542603,2353.6537630558014,0.2712090015411377,280.7127282691962,IMU2,,,,artifact / likely_fetal / uncertain
FOUR_IMU,record_13,record_13,FOUR_IMU_record_13_IMU2_seg0001,FOUR_IMU_record_13_IMU2_seg0001_c0002,104.033704996109,104.56803512573242,0.5343301296234273,280.28108576033225,IMU2,,,,artifact / likely_fetal / uncertain
FOUR_IMU,record_43,record_43,FOUR_IMU_record_43_IMU2_seg0018,FOUR_IMU_record_43_IMU2_seg0018_c0002,1805.254667043686,1805.928583860397,0.6739168167111984,296.3339314981908,IMU2,,,,artifact / likely_fetal / uncertain
FOUR_IMU,record_34,record_34,FOUR_IMU_record_34_IMU3_seg0038,FOUR_IMU_record_34_IMU3_seg0038_c0001,2449.818073987961,2450.7040100097656,0.8859360218048096,307.00022342797666,IMU3,,,,artifact / likely_fetal / uncertain
FOUR_IMU,record_26,record_26,FOUR_IMU_record_26_IMU3_seg0024,FOUR_IMU_record_26_IMU3_seg0024_c0002,1201.9084448814392,1202.4101538658142,0.501708984375,320.43073801926,IMU3,,,,artifact / likely_fetal / uncertain
FOUR_IMU,record_5,record_5,FOUR_IMU_record_5_IMU2_seg0043,FOUR_IMU_record_5_IMU2_seg0043_c0013,844.3135290145874,844.7959959506989,0.4824669361114502,311.9210392787731,IMU2,,,,artifact / likely_fetal / uncertain
FOUR_IMU,record_12,record_12,FOUR_IMU_record_12_IMU2_seg0060,FOUR_IMU_record_12_IMU2_seg0060_c0001,394.9589369297028,395.4664969444275,0.5075600147246746,288.68837170740625,IMU2,,,,artifact / likely_fetal / uncertain
FOUR_IMU,record_18,record_18,FOUR_IMU_record_18_IMU2_seg0046,FOUR_IMU_record_18_IMU2_seg0046_c0001,1399.7316009998322,1400.084528923035,0.352927923202742,328.98291784542334,IMU2,,,,artifact / likely_fetal / uncertain
FOUR_IMU,record_4,record_4,FOUR_IMU_record_4_IMU1_seg0064,FOUR_IMU_record_4_IMU1_seg0064_c0002,2183.985980119,2184.456933119,0.4709530000000086,313.3711009982952,IMU1,,,,artifact / likely_fetal / uncertain
FOUR_IMU,record_10,record_10,FOUR_IMU_record_10_IMU1_seg0138,FOUR_IMU_record_10_IMU1_seg0138_c0004,903.2016439437866,903.5378499031068,0.336205959320182,306.56529142395976,IMU1,,,,artifact / likely_fetal / uncertain
FOUR_IMU,record_8,record_8,FOUR_IMU_record_8_IMU1_seg0024,FOUR_IMU_record_8_IMU1_seg0024_c0005,397.75597786903376,398.4289798736573,0.6730020046235268,302.86186853371527,IMU1,,,,artifact / likely_fetal / uncertain
FOUR_IMU,record_26,record_26,FOUR_IMU_record_26_IMU4_seg0037,FOUR_IMU_record_26_IMU4_seg0037_c0001,2240.753254890442,2241.250123023987,0.4968681335449219,316.20555634101964,IMU4,,,,artifact / likely_fetal / uncertain
FOUR_IMU,record_22,record_22,FOUR_IMU_record_22_IMU4_seg0050,FOUR_IMU_record_22_IMU4_seg0050_c0001,866.8392691612244,867.18408203125,0.3448128700256347,292.1716593456418,IMU4,,,,artifact / likely_fetal / uncertain
FOUR_IMU,record_13,record_13,FOUR_IMU_record_13_IMU1_seg0037,FOUR_IMU_record_13_IMU1_seg0037_c0005,714.5587351322174,714.9612390995026,0.4025039672851562,304.5635845026783,IMU1,,,,artifact / likely_fetal / uncertain
FOUR_IMU,record_11,record_11,FOUR_IMU_record_11_IMU1_seg0079,FOUR_IMU_record_11_IMU1_seg0079_c0003,599.69615483284,600.0982429981232,0.4020881652832031,286.5988292545244,IMU1,,,,artifact / likely_fetal / uncertain
FOUR_IMU,record_8,record_8,FOUR_IMU_record_8_IMU4_seg0041,FOUR_IMU_record_8_IMU4_seg0041_c0005,1582.94339299202,1583.9200060367584,0.9766130447383148,289.27793261980287,IMU4,,,,artifact / likely_fetal / uncertain
FOUR_IMU,record_2,record_2,FOUR_IMU_record_2_IMU2_seg0092,FOUR_IMU_record_2_IMU2_seg0092_c0005,1459.408378013,1459.982190013,0.573812000000089,296.79132171695625,IMU2,,,,artifact / likely_fetal / uncertain
FOUR_IMU,record_2,record_2,FOUR_IMU_record_2_IMU3_seg0006,FOUR_IMU_record_2_IMU3_seg0006_c0004,328.0629749298096,328.3987820148468,0.3358070850371746,279.40384222741505,IMU3,,,,artifact / likely_fetal / uncertain
FOUR_IMU,record_3,record_3,FOUR_IMU_record_3_IMU3_seg0066,FOUR_IMU_record_3_IMU3_seg0066_c0005,724.797878021,726.556797021,1.7589189999999917,321.19378016640064,IMU3,,,,artifact / likely_fetal / uncertain
FOUR_IMU,record_12,record_12,FOUR_IMU_record_12_IMU4_seg0001,FOUR_IMU_record_12_IMU4_seg0001_c0003,13.784271001815794,14.17003893852234,0.3857679367065465,325.62608484902074,IMU4,,,,artifact / likely_fetal / uncertain
FOUR_IMU,record_44,record_44,FOUR_IMU_record_44_IMU4_seg0024,FOUR_IMU_record_44_IMU4_seg0024_c0001,2460.1547639369965,2461.0431888103485,0.8884248733520508,296.177189642242,IMU4,,,,artifact / likely_fetal / uncertain
FOUR_IMU,record_21,record_21,FOUR_IMU_record_21_IMU4_seg0073,FOUR_IMU_record_21_IMU4_seg0073_c0001,2370.469563961029,2371.3009450435643,0.8313810825352448,297.647193448655,IMU4,,,,artifact / likely_fetal / uncertain
FOUR_IMU,record_27,record_27,FOUR_IMU_record_27_IMU4_seg0021,FOUR_IMU_record_27_IMU4_seg0021_c0007,1545.5591700077057,1545.9872019290924,0.4280319213867187,306.1597181403449,IMU4,,,,artifact / likely_fetal / uncertain
FOUR_IMU,record_36,record_36,FOUR_IMU_record_36_IMU4_seg0010,FOUR_IMU_record_36_IMU4_seg0010_c0002,543.864709854126,544.145605802536,0.2808959484100342,312.4250433254432,IMU4,,,,artifact / likely_fetal / uncertain
FOUR_IMU,record_15,record_15,FOUR_IMU_record_15_IMU3_seg0084,FOUR_IMU_record_15_IMU3_seg0084_c0001,173.786936044693,174.1907479763031,0.4038119316101074,330.0014735834929,IMU3,,,,artifact / likely_fetal / uncertain
FOUR_IMU,record_1,record_1,FOUR_IMU_record_1_IMU1_seg0075,FOUR_IMU_record_1_IMU1_seg0075_c0001,1168.457594029,1168.7602620290002,0.302668000000267,302.7465873589561,IMU1,,,,artifact / likely_fetal / uncertain
FOUR_IMU,record_14,record_14,FOUR_IMU_record_14_IMU1_seg0137,FOUR_IMU_record_14_IMU1_seg0137_c0001,3787.1765820980063,3787.57797408104,0.4013919830335908,293.7905941119744,IMU1,,,,artifact / likely_fetal / uncertain
FOUR_IMU,record_7,record_7,FOUR_IMU_record_7_IMU1_seg0063,FOUR_IMU_record_7_IMU1_seg0063_c0006,2229.177768945693,2229.7900729179382,0.6123039722451722,321.463404978253,IMU1,,,,artifact / likely_fetal / uncertain
FOUR_IMU,record_41,record_41,FOUR_IMU_record_41_IMU1_seg0039,FOUR_IMU_record_41_IMU1_seg0039_c0001,2743.2671170234685,2743.703032016754,0.435914993285678,313.21664440755217,IMU1,,,,artifact / likely_fetal / uncertain
FOUR_IMU,record_36,record_36,FOUR_IMU_record_36_IMU3_seg0070,FOUR_IMU_record_36_IMU3_seg0070_c0001,363.8529849052429,364.3911709785461,0.5381860733031658,298.7612151737532,IMU3,,,,artifact / likely_fetal / uncertain
FOUR_IMU,record_33,record_33,FOUR_IMU_record_33_IMU4_seg0073,FOUR_IMU_record_33_IMU4_seg0073_c0001,438.3048400878906,438.8117861747742,0.5069460868836018,295.59216789297415,IMU4,,,,artifact / likely_fetal / uncertain
FOUR_IMU,record_18,record_18,FOUR_IMU_record_18_IMU4_seg0091,FOUR_IMU_record_18_IMU4_seg0091_c0013,701.258672952652,701.5963339805603,0.3376610279083252,258.1491089867565,IMU4,,,,artifact / likely_fetal / uncertain
FOUR_IMU,record_6,record_6,FOUR_IMU_record_6_IMU4_seg0027,FOUR_IMU_record_6_IMU4_seg0027_c0007,845.2225148677826,845.5553059577942,0.3327910900115967,316.1221630611297,IMU4,,,,artifact / likely_fetal / uncertain
FOUR_IMU,record_35,record_35,FOUR_IMU_record_35_IMU3_seg0017,FOUR_IMU_record_35_IMU3_seg0017_c0009,1466.3813121318815,1466.823301076889,0.4419889450075516,388.3471609986436,IMU3,,,,artifact / likely_fetal / uncertain
FOUR_IMU,record_14,record_14,FOUR_IMU_record_14_IMU1_seg0138,FOUR_IMU_record_14_IMU1_seg0138_c0006,3916.9041450023647,3917.237437009812,0.3332920074471985,366.8247874914544,IMU1,,,,artifact / likely_fetal / uncertain
FOUR_IMU,record_41,record_41,FOUR_IMU_record_41_IMU3_seg0051,FOUR_IMU_record_41_IMU3_seg0051_c0005,3695.995523929597,3696.264447927475,0.2689239978781188,400.3058819208397,IMU3,,,,artifact / likely_fetal / uncertain
FOUR_IMU,record_43,record_43,FOUR_IMU_record_43_IMU1_seg0045,FOUR_IMU_record_43_IMU1_seg0045_c0006,3333.526197910309,3333.827600002289,0.3014020919799804,346.0224747758116,IMU1,,,,artifact / likely_fetal / uncertain
FOUR_IMU,record_16,record_16,FOUR_IMU_record_16_IMU3_seg0053,FOUR_IMU_record_16_IMU3_seg0053_c0008,2707.023556947708,2708.835508823395,1.8119518756866453,336.9322645920196,IMU3,,,,artifact / likely_fetal / uncertain
FOUR_IMU,record_40,record_40,FOUR_IMU_record_40_IMU1_seg0030,FOUR_IMU_record_40_IMU1_seg0030_c0002,1921.82589006424,1922.253618955612,0.4277288913719985,380.2677077958482,IMU1,,,,artifact / likely_fetal / uncertain
FOUR_IMU,record_10,record_10,FOUR_IMU_record_10_IMU2_seg0118,FOUR_IMU_record_10_IMU2_seg0118_c0005,3653.9213759899135,3654.31086397171,0.3894879817967194,363.4368875963943,IMU2,,,,artifact / likely_fetal / uncertain
FOUR_IMU,record_16,record_16,FOUR_IMU_record_16_IMU1_seg0051,FOUR_IMU_record_16_IMU1_seg0051_c0002,2345.441866874695,2345.742161989212,0.3002951145172119,352.8220768637101,IMU1,,,,artifact / likely_fetal / uncertain
FOUR_IMU,record_38,record_38,FOUR_IMU_record_38_IMU4_seg0026,FOUR_IMU_record_38_IMU4_seg0026_c0001,1973.398922920227,1973.7013130187984,0.3023900985713226,356.8737783319553,IMU4,,,,artifact / likely_fetal / uncertain
FOUR_IMU,record_23,record_23,FOUR_IMU_record_23_IMU1_seg0075,FOUR_IMU_record_23_IMU1_seg0075_c0003,2442.183862924576,2442.519058942795,0.3351960182189941,341.42339873275404,IMU1,,,,artifact / likely_fetal / uncertain
FOUR_IMU,record_19,record_19,FOUR_IMU_record_19_IMU1_seg0032,FOUR_IMU_record_19_IMU1_seg0032_c0004,2237.788348197937,2238.332655191421,0.5443069934840423,378.4929184145533,IMU1,,,,artifact / likely_fetal / uncertain
FOUR_IMU,record_9,record_9,FOUR_IMU_record_9_IMU3_seg0007,FOUR_IMU_record_9_IMU3_seg0007_c0001,483.3743600845336,483.7098259925842,0.3354659080505939,341.32355423118065,IMU3,,,,artifact / likely_fetal / uncertain
FOUR_IMU,record_33,record_33,FOUR_IMU_record_33_IMU3_seg0068,FOUR_IMU_record_33_IMU3_seg0068_c0005,87.26746416091919,89.05255198478699,1.785087823867798,382.76014387792,IMU3,,,,artifact / likely_fetal / uncertain
FOUR_IMU,record_7,record_7,FOUR_IMU_record_7_IMU1_seg0009,FOUR_IMU_record_7_IMU1_seg0009_c0002,711.727499961853,712.0286438465118,0.3011438846588135,365.9214529750348,IMU1,,,,artifact / likely_fetal / uncertain
FOUR_IMU,record_22,record_22,FOUR_IMU_record_22_IMU3_seg0041,FOUR_IMU_record_22_IMU3_seg0041_c0001,597.1655790805817,597.6904990673065,0.5249199867248535,361.358451411926,IMU3,,,,artifact / likely_fetal / uncertain
FOUR_IMU,record_23,record_23,FOUR_IMU_record_23_IMU1_seg0119,FOUR_IMU_record_23_IMU1_seg0119_c0001,892.6290929317474,892.9353280067444,0.3062350749969482,342.5885774672408,IMU1,,,,artifact / likely_fetal / uncertain
FOUR_IMU,record_32,record_32,FOUR_IMU_record_32_IMU3_seg0002,FOUR_IMU_record_32_IMU3_seg0002_c0001,46.90953493118286,47.64967894554138,0.7401440143585205,388.7544611044728,IMU3,,,,artifact / likely_fetal / uncertain
FOUR_IMU,record_43,record_43,FOUR_IMU_record_43_IMU2_seg0007,FOUR_IMU_record_43_IMU2_seg0007_c0015,699.3847279548645,699.7202908992767,0.3355629444122314,338.3196295993239,IMU2,,,,artifact / likely_fetal / uncertain
FOUR_IMU,record_25,record_25,FOUR_IMU_record_25_IMU1_seg0014,FOUR_IMU_record_25_IMU1_seg0014_c0005,414.77274489402765,415.1247239112853,0.3519790172576336,335.1544864178695,IMU1,,,,artifact / likely_fetal / uncertain
FOUR_IMU,record_9,record_9,FOUR_IMU_record_9_IMU4_seg0043,FOUR_IMU_record_9_IMU4_seg0043_c0004,2416.120591878891,2417.142494916916,1.0219030380249023,411.21820155181655,IMU4,,,,artifact / likely_fetal / uncertain
FOUR_IMU,record_25,record_25,FOUR_IMU_record_25_IMU2_seg0062,FOUR_IMU_record_25_IMU2_seg0062_c0005,1387.29185795784,1387.6604051589966,0.3685472011566162,394.037316403678,IMU2,,,,artifact / likely_fetal / uncertain
FOUR_IMU,record_34,record_34,FOUR_IMU_record_34_IMU4_seg0077,FOUR_IMU_record_34_IMU4_seg0077_c0004,1397.4698510169983,1397.7551980018616,0.2853469848632812,358.1233628045144,IMU4,,,,artifact / likely_fetal / uncertain
FOUR_IMU,record_5,record_5,FOUR_IMU_record_5_IMU1_seg0050,FOUR_IMU_record_5_IMU1_seg0050_c0001,1809.8559470176688,1810.2429518699648,0.387004852295604,333.7320407751447,IMU1,,,,artifact / likely_fetal / uncertain
FOUR_IMU,record_13,record_13,FOUR_IMU_record_13_IMU2_seg0066,FOUR_IMU_record_13_IMU2_seg0066_c0004,2737.462064981461,2737.998901128769,0.5368361473078949,334.79166123602835,IMU2,,,,artifact / likely_fetal / uncertain
FOUR_IMU,record_43,record_43,FOUR_IMU_record_43_IMU4_seg0013,FOUR_IMU_record_43_IMU4_seg0013_c0003,929.3046500682832,929.7723228931428,0.4676728248596191,397.8989234891523,IMU4,,,,artifact / likely_fetal / uncertain
FOUR_IMU,record_34,record_34,FOUR_IMU_record_34_IMU2_seg0058,FOUR_IMU_record_34_IMU2_seg0058_c0002,3741.513056993485,3742.281363964081,0.7683069705958587,365.0024642437925,IMU2,,,,artifact / likely_fetal / uncertain
FOUR_IMU,record_26,record_26,FOUR_IMU_record_26_IMU2_seg0024,FOUR_IMU_record_26_IMU2_seg0024_c0009,1396.634160041809,1397.0706160068512,0.4364559650421142,369.2524489199572,IMU2,,,,artifact / likely_fetal / uncertain
FOUR_IMU,record_5,record_5,FOUR_IMU_record_5_IMU3_seg0035,FOUR_IMU_record_5_IMU3_seg0035_c0008,215.0007140636444,215.34231805801392,0.3416039943695068,380.1837394675709,IMU3,,,,artifact / likely_fetal / uncertain
FOUR_IMU,record_12,record_12,FOUR_IMU_record_12_IMU3_seg0045,FOUR_IMU_record_12_IMU3_seg0045_c0007,849.1030428409576,849.5384178161621,0.4353749752044678,346.8266431839705,IMU3,,,,artifact / likely_fetal / uncertain
FOUR_IMU,record_18,record_18,FOUR_IMU_record_18_IMU1_seg0031,FOUR_IMU_record_18_IMU1_seg0031_c0001,320.5745859146118,321.06513381004333,0.4905478954315185,403.5910607639085,IMU1,,,,artifact / likely_fetal / uncertain
FOUR_IMU,record_4,record_4,FOUR_IMU_record_4_IMU3_seg0041,FOUR_IMU_record_4_IMU3_seg0041_c0001,1477.7680559158323,1478.6963880062103,0.928332090378035,385.520784200736,IMU3,,,,artifact / likely_fetal / uncertain
FOUR_IMU,record_10,record_10,FOUR_IMU_record_10_IMU3_seg0138,FOUR_IMU_record_10_IMU3_seg0138_c0003,822.3297579288483,822.9041271209717,0.5743691921234131,336.6243819470896,IMU3,,,,artifact / likely_fetal / uncertain
FOUR_IMU,record_8,record_8,FOUR_IMU_record_8_IMU3_seg0048,FOUR_IMU_record_8_IMU3_seg0048_c0004,2165.661931991577,2165.9301948547363,0.2682628631591797,374.112105927014,IMU3,,,,artifact / likely_fetal / uncertain
FOUR_IMU,record_26,record_26,FOUR_IMU_record_26_IMU2_seg0007,FOUR_IMU_record_26_IMU2_seg0007_c0002,306.0217938423157,306.52435088157654,0.5025570392608643,381.827402181266,IMU2,,,,artifact / likely_fetal / uncertain
FOUR_IMU,record_22,record_22,FOUR_IMU_record_22_IMU4_seg0055,FOUR_IMU_record_22_IMU4_seg0055_c0005,1195.7737061977386,1196.6278910636902,0.8541848659515381,386.9843585553296,IMU4,,,,artifact / likely_fetal / uncertain
FOUR_IMU,record_13,record_13,FOUR_IMU_record_13_IMU2_seg0106,FOUR_IMU_record_13_IMU2_seg0106_c0008,1236.7583849430084,1237.1959519386292,0.4375669956207275,353.2218203108656,IMU2,,,,artifact / likely_fetal / uncertain
FOUR_IMU,record_11,record_11,FOUR_IMU_record_11_IMU4_seg0022,FOUR_IMU_record_11_IMU4_seg0022_c0001,110.95748209953308,111.27619409561156,0.318711996078477,337.6783734487031,IMU4,,,,artifact / likely_fetal / uncertain
FOUR_IMU,record_8,record_8,FOUR_IMU_record_8_IMU3_seg0054,FOUR_IMU_record_8_IMU3_seg0054_c0001,2717.128877878189,2717.4995789527893,0.3707010746002197,374.5882910800418,IMU3,,,,artifact / likely_fetal / uncertain
FOUR_IMU,record_2,record_2,FOUR_IMU_record_2_IMU4_seg0073,FOUR_IMU_record_2_IMU4_seg0073_c0001,2883.3920979499817,2884.4603679180145,1.068269968032837,395.56185913022415,IMU4,,,,artifact / likely_fetal / uncertain
FOUR_IMU,record_2,record_2,FOUR_IMU_record_2_IMU3_seg0093,FOUR_IMU_record_2_IMU3_seg0093_c0002,1498.948634013,1499.386121013,0.4374870000001465,353.54489074229906,IMU3,,,,artifact / likely_fetal / uncertain
FOUR_IMU,record_3,record_3,FOUR_IMU_record_3_IMU1_seg0008,FOUR_IMU_record_3_IMU1_seg0008_c0004,560.8554790019989,561.2267761230469,0.3712971210479736,343.81076530035807,IMU1,,,,artifact / likely_fetal / uncertain
FOUR_IMU,record_12,record_12,FOUR_IMU_record_12_IMU3_seg0016,FOUR_IMU_record_12_IMU3_seg0016_c0008,818.1877460479736,818.6853160858154,0.4975700378417969,338.5972580885659,IMU3,,,,artifact / likely_fetal / uncertain
FOUR_IMU,record_44,record_44,FOUR_IMU_record_44_IMU2_seg0002,FOUR_IMU_record_44_IMU2_seg0002_c0002,265.5454168319702,265.8251368999481,0.2797200679779053,358.4421063890848,IMU2,,,,artifact / likely_fetal / uncertain
FOUR_IMU,record_21,record_21,FOUR_IMU_record_21_IMU1_seg0100,FOUR_IMU_record_21_IMU1_seg0100_c0003,3346.091162919998,3346.5922780036926,0.501115083694458,352.15987648721443,IMU1,,,,artifact / likely_fetal / uncertain
FOUR_IMU,record_27,record_27,FOUR_IMU_record_27_IMU1_seg0036,FOUR_IMU_record_27_IMU1_seg0036_c0001,307.239403963089,307.778263092041,0.5388591289520264,349.8059392396992,IMU1,,,,artifact / likely_fetal / uncertain
FOUR_IMU,record_36,record_36,FOUR_IMU_record_36_IMU2_seg0056,FOUR_IMU_record_36_IMU2_seg0056_c0003,178.81803297996524,179.35532188415527,0.537288904190035,369.064193526876,IMU2,,,,artifact / likely_fetal / uncertain
FOUR_IMU,record_15,record_15,FOUR_IMU_record_15_IMU3_seg0024,FOUR_IMU_record_15_IMU3_seg0024_c0006,1678.458447933197,1678.9883229732511,0.5298750400540939,382.1109064781616,IMU3,,,,artifact / likely_fetal / uncertain
FOUR_IMU,record_1,record_1,FOUR_IMU_record_1_IMU4_seg0078,FOUR_IMU_record_1_IMU4_seg0078_c0005,1387.028394029,1387.566616029,0.5382219999999052,340.2938680218657,IMU4,,,,artifact / likely_fetal / uncertain
FOUR_IMU,record_14,record_14,FOUR_IMU_record_14_IMU1_seg0144,FOUR_IMU_record_14_IMU1_seg0144_c0001,428.0818591117859,428.3841841220856,0.3023250102997394,370.7627758034879,IMU1,,,,artifact / likely_fetal / uncertain
FOUR_IMU,record_7,record_7,FOUR_IMU_record_7_IMU1_seg0063,FOUR_IMU_record_7_IMU1_seg0063_c0004,2042.5502791404724,2042.9243299961088,0.3740508556363693,334.79709715461587,IMU1,,,,artifact / likely_fetal / uncertain
FOUR_IMU,record_41,record_41,FOUR_IMU_record_41_IMU1_seg0006,FOUR_IMU_record_41_IMU1_seg0006_c0004,337.70880103111267,338.0099549293518,0.3011538982391357,398.5040166980554,IMU1,,,,artifact / likely_fetal / uncertain
FOUR_IMU,record_36,record_36,FOUR_IMU_record_36_IMU4_seg0053,FOUR_IMU_record_36_IMU4_seg0053_c0003,86.39568090438843,87.13563108444214,0.7399501800537109,395.1489621366693,IMU4,,,,artifact / likely_fetal / uncertain
FOUR_IMU,record_33,record_33,FOUR_IMU_record_33_IMU3_seg0023,FOUR_IMU_record_33_IMU3_seg0023_c0017,1048.666344165802,1048.9874601364136,0.3211159706115722,403.1805992582387,IMU3,,,,artifact / likely_fetal / uncertain
FOUR_IMU,record_18,record_18,FOUR_IMU_record_18_IMU1_seg0012,FOUR_IMU_record_18_IMU1_seg0012_c0002,779.6387391090393,779.9073219299316,0.268582820892334,367.8282431911011,IMU1,,,,artifact / likely_fetal / uncertain
FOUR_IMU,record_6,record_6,FOUR_IMU_record_6_IMU3_seg0012,FOUR_IMU_record_6_IMU3_seg0012_c0003,465.4498949050904,466.3376829624176,0.8877880573272137,339.7287216287638,IMU3,,,,artifact / likely_fetal / uncertain
FOUR_IMU,record_35,record_35,FOUR_IMU_record_35_IMU1_seg0009,FOUR_IMU_record_35_IMU1_seg0009_c0003,399.82426309585577,401.40897011756897,1.5847070217132,433.69494693294257,IMU1,,,,artifact / likely_fetal / uncertain
FOUR_IMU,record_14,record_14,FOUR_IMU_record_14_IMU3_seg0153,FOUR_IMU_record_14_IMU3_seg0153_c0001,1075.1205790042875,1077.4744560718536,2.3538770675661453,458.5977108736066,IMU3,,,,artifact / likely_fetal / uncertain
FOUR_IMU,record_41,record_41,FOUR_IMU_record_41_IMU1_seg0021,FOUR_IMU_record_41_IMU1_seg0021_c0003,1564.5237441062927,1564.965577125549,0.4418330192563644,515.6380971013618,IMU1,,,,artifact / likely_fetal / uncertain
FOUR_IMU,record_43,record_43,FOUR_IMU_record_43_IMU2_seg0013,FOUR_IMU_record_43_IMU2_seg0013_c0018,1249.293042898178,1251.260235071182,1.967192173003923,482.5307770711522,IMU2,,,,artifact / likely_fetal / uncertain
FOUR_IMU,record_16,record_16,FOUR_IMU_record_16_IMU1_seg0049,FOUR_IMU_record_16_IMU1_seg0049_c0008,1983.0388939380648,1983.4668838977807,0.4279899597163421,483.9389550709224,IMU1,,,,artifact / likely_fetal / uncertain
FOUR_IMU,record_40,record_40,FOUR_IMU_record_40_IMU1_seg0025,FOUR_IMU_record_40_IMU1_seg0025_c0002,1735.1218540668488,1737.2885520458224,2.166697978973616,560.4358325252359,IMU1,,,,artifact / likely_fetal / uncertain
FOUR_IMU,record_10,record_10,FOUR_IMU_record_10_IMU2_seg0066,FOUR_IMU_record_10_IMU2_seg0066_c0002,609.0879938602448,609.4565699100494,0.3685760498046875,507.4965924745288,IMU2,,,,artifact / likely_fetal / uncertain
FOUR_IMU,record_16,record_16,FOUR_IMU_record_16_IMU1_seg0015,FOUR_IMU_record_16_IMU1_seg0015_c0003,54.92623496055603,55.40821290016174,0.4819779396057129,444.8889325551838,IMU1,,,,artifact / likely_fetal / uncertain
FOUR_IMU,record_38,record_38,FOUR_IMU_record_38_IMU1_seg0029,FOUR_IMU_record_38_IMU1_seg0029_c0004,2289.351053953171,2290.2493848800664,0.8983309268955963,421.1660896440224,IMU1,,,,artifact / likely_fetal / uncertain
FOUR_IMU,record_23,record_23,FOUR_IMU_record_23_IMU1_seg0040,FOUR_IMU_record_23_IMU1_seg0040_c0001,878.2207679748535,879.6690800189972,1.4483120441436768,441.8524860294474,IMU1,,,,artifact / likely_fetal / uncertain
FOUR_IMU,record_19,record_19,FOUR_IMU_record_19_IMU3_seg0069,FOUR_IMU_record_19_IMU3_seg0069_c0002,1786.883455038071,1787.2510080337522,0.3675529956813079,498.49419027338536,IMU3,,,,artifact / likely_fetal / uncertain
FOUR_IMU,record_9,record_9,FOUR_IMU_record_9_IMU3_seg0070,FOUR_IMU_record_9_IMU3_seg0070_c0001,3961.403060913086,3961.705065011978,0.3020040988922119,449.2382777159553,IMU3,,,,artifact / likely_fetal / uncertain
FOUR_IMU,record_33,record_33,FOUR_IMU_record_33_IMU3_seg0054,FOUR_IMU_record_33_IMU3_seg0054_c0007,3203.1066319942474,3203.576519012451,0.4698870182037353,515.6440648736401,IMU3,,,,artifact / likely_fetal / uncertain
FOUR_IMU,record_7,record_7,FOUR_IMU_record_7_IMU4_seg0022,FOUR_IMU_record_7_IMU4_seg0022_c0015,772.7297999858856,773.2178211212158,0.4880211353302002,520.9946420883429,IMU4,,,,artifact / likely_fetal / uncertain
FOUR_IMU,record_22,record_22,FOUR_IMU_record_22_IMU1_seg0115,FOUR_IMU_record_22_IMU1_seg0115_c0003,714.8557960987091,715.1938850879669,0.3380889892578125,433.4076701476902,IMU1,,,,artifact / likely_fetal / uncertain
FOUR_IMU,record_23,record_23,FOUR_IMU_record_23_IMU2_seg0024,FOUR_IMU_record_23_IMU2_seg0024_c0003,360.0531499385834,362.0791449546815,2.025995016098136,435.78755787198446,IMU2,,,,artifact / likely_fetal / uncertain
FOUR_IMU,record_32,record_32,FOUR_IMU_record_32_IMU4_seg0002,FOUR_IMU_record_32_IMU4_seg0002_c0008,141.81818389892578,142.22043585777283,0.4022519588470459,431.4949885581117,IMU4,,,,artifact / likely_fetal / uncertain
FOUR_IMU,record_43,record_43,FOUR_IMU_record_43_IMU4_seg0013,FOUR_IMU_record_43_IMU4_seg0013_c0006,978.878781080246,979.5505559444427,0.6717748641967773,424.71040984028986,IMU4,,,,artifact / likely_fetal / uncertain
FOUR_IMU,record_25,record_25,FOUR_IMU_record_25_IMU4_seg0012,FOUR_IMU_record_25_IMU4_seg0012_c0002,218.1513729095459,218.4643290042877,0.3129560947417928,496.6066235719203,IMU4,,,,artifact / likely_fetal / uncertain
FOUR_IMU,record_9,record_9,FOUR_IMU_record_9_IMU4_seg0039,FOUR_IMU_record_9_IMU4_seg0039_c0004,2175.0431978702545,2175.327414035797,0.2842161655426025,479.5205879018587,IMU4,,,,artifact / likely_fetal / uncertain
FOUR_IMU,record_25,record_25,FOUR_IMU_record_25_IMU4_seg0027,FOUR_IMU_record_25_IMU4_seg0027_c0010,1165.4280228614807,1165.6968400478363,0.2688171863555908,561.111773651604,IMU4,,,,artifact / likely_fetal / uncertain
FOUR_IMU,record_34,record_34,FOUR_IMU_record_34_IMU2_seg0037,FOUR_IMU_record_34_IMU2_seg0037_c0003,2400.665750980377,2401.2710719108577,0.6053209304805023,417.9019579709427,IMU2,,,,artifact / likely_fetal / uncertain
FOUR_IMU,record_5,record_5,FOUR_IMU_record_5_IMU2_seg0046,FOUR_IMU_record_5_IMU2_seg0046_c0009,1360.1615319252014,1360.6041090488434,0.4425771236419678,417.0431504808631,IMU2,,,,artifact / likely_fetal / uncertain
FOUR_IMU,record_13,record_13,FOUR_IMU_record_13_IMU1_seg0026,FOUR_IMU_record_13_IMU1_seg0026_c0004,35.78214716911316,36.050655126571655,0.2685079574584961,582.5421781825356,IMU1,,,,artifact / likely_fetal / uncertain
FOUR_IMU,record_43,record_43,FOUR_IMU_record_43_IMU2_seg0015,FOUR_IMU_record_43_IMU2_seg0015_c0001,1462.8201379776,1463.3504099845886,0.5302720069885254,452.6351873264127,IMU2,,,,artifact / likely_fetal / uncertain
FOUR_IMU,record_34,record_34,FOUR_IMU_record_34_IMU1_seg0037,FOUR_IMU_record_34_IMU1_seg0037_c0004,2400.7366061210632,2401.2710719108577,0.5344657897944671,461.4143136756088,IMU1,,,,artifact / likely_fetal / uncertain
FOUR_IMU,record_26,record_26,FOUR_IMU_record_26_IMU4_seg0052,FOUR_IMU_record_26_IMU4_seg0052_c0001,2878.072793006897,2879.368083000183,1.2952899932861328,472.18468804193066,IMU4,,,,artifact / likely_fetal / uncertain
FOUR_IMU,record_5,record_5,FOUR_IMU_record_5_IMU3_seg0049,FOUR_IMU_record_5_IMU3_seg0049_c0007,1754.1408219337463,1754.583146095276,0.4423241615297684,421.00124886797175,IMU3,,,,artifact / likely_fetal / uncertain
FOUR_IMU,record_12,record_12,FOUR_IMU_record_12_IMU2_seg0038,FOUR_IMU_record_12_IMU2_seg0038_c0005,393.7999439239502,394.23436093330383,0.4344170093536377,483.4403091874012,IMU2,,,,artifact / likely_fetal / uncertain
FOUR_IMU,record_18,record_18,FOUR_IMU_record_18_IMU3_seg0029,FOUR_IMU_record_18_IMU3_seg0029_c0003,225.080680847168,225.36459279060364,0.2839119434356405,481.85400276237726,IMU3,,,,artifact / likely_fetal / uncertain
FOUR_IMU,record_4,record_4,FOUR_IMU_record_4_IMU2_seg0031,FOUR_IMU_record_4_IMU2_seg0031_c0001,542.3723587989807,542.75377202034,0.3814132213592529,431.5414382090734,IMU2,,,,artifact / likely_fetal / uncertain
FOUR_IMU,record_10,record_10,FOUR_IMU_record_10_IMU1_seg0069,FOUR_IMU_record_10_IMU1_seg0069_c0016,902.03733086586,902.567843914032,0.5305130481719971,499.6714630573785,IMU1,,,,artifact / likely_fetal / uncertain
FOUR_IMU,record_8,record_8,FOUR_IMU_record_8_IMU2_seg0003,FOUR_IMU_record_8_IMU2_seg0003_c0023,261.3968629837036,261.8219909667969,0.4251279830932617,554.4558116556507,IMU2,,,,artifact / likely_fetal / uncertain
FOUR_IMU,record_26,record_26,FOUR_IMU_record_26_IMU2_seg0010,FOUR_IMU_record_26_IMU2_seg0010_c0004,498.1640808582306,498.60553598403936,0.4414551258087726,465.83400565248695,IMU2,,,,artifact / likely_fetal / uncertain
FOUR_IMU,record_22,record_22,FOUR_IMU_record_22_IMU4_seg0056,FOUR_IMU_record_22_IMU4_seg0056_c0010,1389.8354330062866,1392.0583000183103,2.2228670120236984,422.9616211836321,IMU4,,,,artifact / likely_fetal / uncertain
FOUR_IMU,record_13,record_13,FOUR_IMU_record_13_IMU2_seg0113,FOUR_IMU_record_13_IMU2_seg0113_c0001,2431.8949739933014,2433.5425279140472,1.6475539207458496,446.5300178056763,IMU2,,,,artifact / likely_fetal / uncertain
FOUR_IMU,record_11,record_11,FOUR_IMU_record_11_IMU3_seg0043,FOUR_IMU_record_11_IMU3_seg0043_c0002,1009.8062570095062,1011.4477701187134,1.641513109207153,479.82258652548063,IMU3,,,,artifact / likely_fetal / uncertain
FOUR_IMU,record_8,record_8,FOUR_IMU_record_8_IMU2_seg0003,FOUR_IMU_record_8_IMU2_seg0003_c0016,226.15021514892567,226.6730060577393,0.5227909088135334,572.5564380055541,IMU2,,,,artifact / likely_fetal / uncertain
FOUR_IMU,record_2,record_2,FOUR_IMU_record_2_IMU4_seg0074,FOUR_IMU_record_2_IMU4_seg0074_c0006,30.533667803,31.172852993,0.6391851899999992,441.6373190155495,IMU4,,,,artifact / likely_fetal / uncertain
FOUR_IMU,record_2,record_2,FOUR_IMU_record_2_IMU2_seg0038,FOUR_IMU_record_2_IMU2_seg0038_c0012,598.613921880722,600.5467269420624,1.932805061340332,535.1940848979132,IMU2,,,,artifact / likely_fetal / uncertain
FOUR_IMU,record_3,record_3,FOUR_IMU_record_3_IMU1_seg0032,FOUR_IMU_record_3_IMU1_seg0032_c0003,1645.0592739582064,1646.2249190807345,1.1656451225280762,419.3274730840456,IMU1,,,,artifact / likely_fetal / uncertain
FOUR_IMU,record_12,record_12,FOUR_IMU_record_12_IMU1_seg0048,FOUR_IMU_record_12_IMU1_seg0048_c0001,1101.1676249504087,1102.9532129764557,1.7855880260469803,432.78211223694296,IMU1,,,,artifact / likely_fetal / uncertain
FOUR_IMU,record_44,record_44,FOUR_IMU_record_44_IMU2_seg0010,FOUR_IMU_record_44_IMU2_seg0010_c0029,1208.499745845795,1208.7669990062714,0.2672531604764572,495.70729297265865,IMU2,,,,artifact / likely_fetal / uncertain
FOUR_IMU,record_21,record_21,FOUR_IMU_record_21_IMU4_seg0041,FOUR_IMU_record_21_IMU4_seg0041_c0002,721.6683650016785,723.1337530612946,1.4653880596160889,507.1660232357845,IMU4,,,,artifact / likely_fetal / uncertain
FOUR_IMU,record_27,record_27,FOUR_IMU_record_27_IMU1_seg0020,FOUR_IMU_record_27_IMU1_seg0020_c0002,1357.0430951118467,1358.059900045395,1.016804933548201,467.6317999264778,IMU1,,,,artifact / likely_fetal / uncertain
FOUR_IMU,record_36,record_36,FOUR_IMU_record_36_IMU3_seg0041,FOUR_IMU_record_36_IMU3_seg0041_c0004,2388.041230916977,2388.619189023972,0.5779581069950837,514.1616886175291,IMU3,,,,artifact / likely_fetal / uncertain
FOUR_IMU,record_15,record_15,FOUR_IMU_record_15_IMU4_seg0016,FOUR_IMU_record_15_IMU4_seg0016_c0002,877.73743891716,880.8353118896484,3.097872972488404,567.8731475074194,IMU4,,,,artifact / likely_fetal / uncertain
FOUR_IMU,record_1,record_1,FOUR_IMU_record_1_IMU2_seg0065,FOUR_IMU_record_1_IMU2_seg0065_c0001,120.572134929,121.411170029,0.8390351000000038,527.6755611469613,IMU2,,,,artifact / likely_fetal / uncertain
FOUR_IMU,record_14,record_14,FOUR_IMU_record_14_IMU3_seg0127,FOUR_IMU_record_14_IMU3_seg0127_c0001,3089.1301040649414,3090.642136096954,1.5120320320124847,572.9140897884673,IMU3,,,,artifact / likely_fetal / uncertain
FOUR_IMU,record_7,record_7,FOUR_IMU_record_7_IMU3_seg0018,FOUR_IMU_record_7_IMU3_seg0018_c0003,410.468997001648,410.7879362106323,0.3189392089843181,424.67057860735815,IMU3,,,,artifact / likely_fetal / uncertain
FOUR_IMU,record_41,record_41,FOUR_IMU_record_41_IMU4_seg0042,FOUR_IMU_record_41_IMU4_seg0042_c0003,2919.1228170394897,2919.724036931992,0.6012198925022858,463.8290472287015,IMU4,,,,artifact / likely_fetal / uncertain
FOUR_IMU,record_36,record_36,FOUR_IMU_record_36_IMU4_seg0058,FOUR_IMU_record_36_IMU4_seg0058_c0001,202.37111592292783,202.640242099762,0.2691261768341633,460.6970623115553,IMU4,,,,artifact / likely_fetal / uncertain
FOUR_IMU,record_33,record_33,FOUR_IMU_record_33_IMU2_seg0053,FOUR_IMU_record_33_IMU2_seg0053_c0001,3042.267491102218,3042.8520510196686,0.5845599174504059,425.5135049011982,IMU2,,,,artifact / likely_fetal / uncertain
FOUR_IMU,record_18,record_18,FOUR_IMU_record_18_IMU1_seg0053,FOUR_IMU_record_18_IMU1_seg0053_c0002,1678.5296568870544,1679.6241698265076,1.094512939453125,510.97026346950014,IMU1,,,,artifact / likely_fetal / uncertain
FOUR_IMU,record_6,record_6,FOUR_IMU_record_6_IMU2_seg0040,FOUR_IMU_record_6_IMU2_seg0040_c0001,2281.473593950272,2282.045009851456,0.571415901184082,474.2539140721996,IMU2,,,,artifact / likely_fetal / uncertain
FOUR_IMU,record_35,record_35,FOUR_IMU_record_35_IMU4_seg0012,FOUR_IMU_record_35_IMU4_seg0012_c0001,558.1819961071014,559.7624530792236,1.5804569721221924,595.2430139759787,IMU4,,,,artifact / likely_fetal / uncertain
FOUR_IMU,record_14,record_14,FOUR_IMU_record_14_IMU1_seg0127,FOUR_IMU_record_14_IMU1_seg0127_c0012,3186.239701986313,3188.2928519248967,2.0531499385838288,728.3202756864675,IMU1,,,,artifact / likely_fetal / uncertain
FOUR_IMU,record_41,record_41,FOUR_IMU_record_41_IMU1_seg0018,FOUR_IMU_record_41_IMU1_seg0018_c0003,1355.3397040367129,1355.8228409290314,0.4831368923184982,1314.1299956154107,IMU1,,,,artifact / likely_fetal / uncertain
FOUR_IMU,record_43,record_43,FOUR_IMU_record_43_IMU3_seg0008,FOUR_IMU_record_43_IMU3_seg0008_c0001,710.5541260242462,711.8094980716705,1.2553720474243164,868.6311300755234,IMU3,,,,artifact / likely_fetal / uncertain
FOUR_IMU,record_16,record_16,FOUR_IMU_record_16_IMU2_seg0038,FOUR_IMU_record_16_IMU2_seg0038_c0003,1470.9672508239746,1473.80281996727,2.835569143295288,837.0219517571549,IMU2,,,,artifact / likely_fetal / uncertain
FOUR_IMU,record_40,record_40,FOUR_IMU_record_40_IMU4_seg0044,FOUR_IMU_record_40_IMU4_seg0044_c0003,2475.745418071747,2477.1611199378967,1.4157018661499023,1241.0921414416955,IMU4,,,,artifact / likely_fetal / uncertain
FOUR_IMU,record_10,record_10,FOUR_IMU_record_10_IMU4_seg0065,FOUR_IMU_record_10_IMU4_seg0065_c0009,475.9726178646087,476.38684487342834,0.4142270088196369,741.9620095030732,IMU4,,,,artifact / likely_fetal / uncertain
FOUR_IMU,record_16,record_16,FOUR_IMU_record_16_IMU4_seg0052,FOUR_IMU_record_16_IMU4_seg0052_c0001,2539.946259021759,2546.64101099968,6.694751977920987,3765.245218807257,IMU4,,,,artifact / likely_fetal / uncertain
FOUR_IMU,record_38,record_38,FOUR_IMU_record_38_IMU1_seg0014,FOUR_IMU_record_38_IMU1_seg0014_c0011,1254.06316280365,1254.7998118400574,0.7366490364074707,1436.6832806534849,IMU1,,,,artifact / likely_fetal / uncertain
FOUR_IMU,record_23,record_23,FOUR_IMU_record_23_IMU2_seg0083,FOUR_IMU_record_23_IMU2_seg0083_c0001,2811.438379049301,2814.0401360988617,2.601757049560547,633.2785169748836,IMU2,,,,artifact / likely_fetal / uncertain
FOUR_IMU,record_19,record_19,FOUR_IMU_record_19_IMU1_seg0052,FOUR_IMU_record_19_IMU1_seg0052_c0003,546.2196729183197,546.5786650180817,0.3589920997619629,641.418152070317,IMU1,,,,artifact / likely_fetal / uncertain
FOUR_IMU,record_9,record_9,FOUR_IMU_record_9_IMU2_seg0031,FOUR_IMU_record_9_IMU2_seg0031_c0005,1804.670229911804,1806.5770859718325,1.906856060028531,671.0317479201751,IMU2,,,,artifact / likely_fetal / uncertain
FOUR_IMU,record_33,record_33,FOUR_IMU_record_33_IMU3_seg0039,FOUR_IMU_record_33_IMU3_seg0039_c0001,2322.635092973709,2323.50669503212,0.8716020584110993,673.6993403492196,IMU3,,,,artifact / likely_fetal / uncertain
FOUR_IMU,record_7,record_7,FOUR_IMU_record_7_IMU1_seg0022,FOUR_IMU_record_7_IMU1_seg0022_c0013,736.4213471412659,737.4771280288696,1.0557808876037598,590.9413286775862,IMU1,,,,artifact / likely_fetal / uncertain
FOUR_IMU,record_22,record_22,FOUR_IMU_record_22_IMU1_seg0097,FOUR_IMU_record_22_IMU1_seg0097_c0001,3389.4108691215515,3395.2789220809937,5.868052959442139,1350.7719495182616,IMU1,,,,artifact / likely_fetal / uncertain
FOUR_IMU,record_23,record_23,FOUR_IMU_record_23_IMU3_seg0009,FOUR_IMU_record_23_IMU3_seg0009_c0016,795.0954551696777,795.4499571323395,0.3545019626617431,809.542713129978,IMU3,,,,artifact / likely_fetal / uncertain
FOUR_IMU,record_32,record_32,FOUR_IMU_record_32_IMU3_seg0050,FOUR_IMU_record_32_IMU3_seg0050_c0001,1124.8884990215302,1127.0702040195465,2.1817049980163574,600.5932935457606,IMU3,,,,artifact / likely_fetal / uncertain
FOUR_IMU,record_43,record_43,FOUR_IMU_record_43_IMU3_seg0001,FOUR_IMU_record_43_IMU3_seg0001_c0003,10.967967033386229,11.778698921203612,0.8107318878173828,621.4998901813989,IMU3,,,,artifact / likely_fetal / uncertain
FOUR_IMU,record_25,record_25,FOUR_IMU_record_25_IMU1_seg0027,FOUR_IMU_record_25_IMU1_seg0027_c0003,1101.216080904007,1103.2704038619995,2.0543229579925537,678.0891481172306,IMU1,,,,artifact / likely_fetal / uncertain
FOUR_IMU,record_9,record_9,FOUR_IMU_record_9_IMU1_seg0014,FOUR_IMU_record_9_IMU1_seg0014_c0003,457.8206789493561,459.2245719432831,1.403892993927002,935.968999816019,IMU1,,,,artifact / likely_fetal / uncertain
FOUR_IMU,record_25,record_25,FOUR_IMU_record_25_IMU4_seg0027,FOUR_IMU_record_25_IMU4_seg0027_c0005,1110.430881023407,1111.507931947708,1.07705092430092,776.4705480333766,IMU4,,,,artifact / likely_fetal / uncertain
FOUR_IMU,record_34,record_34,FOUR_IMU_record_34_IMU4_seg0043,FOUR_IMU_record_34_IMU4_seg0043_c0005,2788.640533924103,2794.356827020645,5.716293096542358,3202.2508030788413,IMU4,,,,artifact / likely_fetal / uncertain
FOUR_IMU,record_5,record_5,FOUR_IMU_record_5_IMU1_seg0035,FOUR_IMU_record_5_IMU1_seg0035_c0016,334.24941396713257,334.64923095703125,0.3998169898986816,623.5419100216683,IMU1,,,,artifact / likely_fetal / uncertain
FOUR_IMU,record_13,record_13,FOUR_IMU_record_13_IMU2_seg0081,FOUR_IMU_record_13_IMU2_seg0081_c0004,3436.0059092044835,3436.375215053558,0.3693058490744079,763.2507545299235,IMU2,,,,artifact / likely_fetal / uncertain
FOUR_IMU,record_43,record_43,FOUR_IMU_record_43_IMU3_seg0031,FOUR_IMU_record_43_IMU3_seg0031_c0001,2416.517476081848,2418.6780998706818,2.160623788833618,605.6456515256306,IMU3,,,,artifact / likely_fetal / uncertain
FOUR_IMU,record_34,record_34,FOUR_IMU_record_34_IMU3_seg0022,FOUR_IMU_record_34_IMU3_seg0022_c0002,1349.5503509044647,1350.478334903717,0.9279839992523192,717.1478232711956,IMU3,,,,artifact / likely_fetal / uncertain
FOUR_IMU,record_26,record_26,FOUR_IMU_record_26_IMU3_seg0051,FOUR_IMU_record_26_IMU3_seg0051_c0002,2860.366545915604,2861.8454480171204,1.4789021015162689,898.0024613878936,IMU3,,,,artifact / likely_fetal / uncertain
FOUR_IMU,record_5,record_5,FOUR_IMU_record_5_IMU3_seg0059,FOUR_IMU_record_5_IMU3_seg0059_c0003,2417.432947874069,2419.580535888672,2.147588014602661,2679.5541973334257,IMU3,,,,artifact / likely_fetal / uncertain
FOUR_IMU,record_12,record_12,FOUR_IMU_record_12_IMU3_seg0038,FOUR_IMU_record_12_IMU3_seg0038_c0007,375.4349308013916,380.1103110313416,4.675380229950008,1993.9477374695764,IMU3,,,,artifact / likely_fetal / uncertain
FOUR_IMU,record_18,record_18,FOUR_IMU_record_18_IMU1_seg0020,FOUR_IMU_record_18_IMU1_seg0020_c0003,1669.510339975357,1670.0386040210724,0.528264045715332,708.6444166987185,IMU1,,,,artifact / likely_fetal / uncertain
FOUR_IMU,record_4,record_4,FOUR_IMU_record_4_IMU3_seg0037,FOUR_IMU_record_4_IMU3_seg0037_c0004,1201.8418238162994,1203.094889879227,1.2530660629274737,1044.367784184354,IMU3,,,,artifact / likely_fetal / uncertain
FOUR_IMU,record_10,record_10,FOUR_IMU_record_10_IMU1_seg0084,FOUR_IMU_record_10_IMU1_seg0084_c0001,1704.8955907821655,1705.3748898506165,0.4792990684509277,826.4126639650133,IMU1,,,,artifact / likely_fetal / uncertain
FOUR_IMU,record_8,record_8,FOUR_IMU_record_8_IMU4_seg0016,FOUR_IMU_record_8_IMU4_seg0016_c0005,1070.982334136963,1071.884134054184,0.9017999172210692,786.2042551658371,IMU4,,,,artifact / likely_fetal / uncertain
FOUR_IMU,record_26,record_26,FOUR_IMU_record_26_IMU4_seg0032,FOUR_IMU_record_26_IMU4_seg0032_c0002,1985.9289250373845,1988.839220046997,2.9102950096125824,740.3048899468449,IMU4,,,,artifact / likely_fetal / uncertain
FOUR_IMU,record_22,record_22,FOUR_IMU_record_22_IMU4_seg0019,FOUR_IMU_record_22_IMU4_seg0019_c0011,1343.1994059085846,1347.548654794693,4.349248886108398,2180.599238272146,IMU4,,,,artifact / likely_fetal / uncertain
FOUR_IMU,record_13,record_13,FOUR_IMU_record_13_IMU1_seg0081,FOUR_IMU_record_13_IMU1_seg0081_c0003,3436.1064891815186,3438.4634671211243,2.356977939605713,762.2424355026751,IMU1,,,,artifact / likely_fetal / uncertain
FOUR_IMU,record_11,record_11,FOUR_IMU_record_11_IMU2_seg0038,FOUR_IMU_record_11_IMU2_seg0038_c0002,778.1659550666809,778.5496580600739,0.3837029933929443,673.852071116753,IMU2,,,,artifact / likely_fetal / uncertain
FOUR_IMU,record_8,record_8,FOUR_IMU_record_8_IMU2_seg0015,FOUR_IMU_record_8_IMU2_seg0015_c0001,807.3901391029358,807.7830259799957,0.3928868770599365,722.1114085702072,IMU2,,,,artifact / likely_fetal / uncertain
FOUR_IMU,record_2,record_2,FOUR_IMU_record_2_IMU1_seg0066,FOUR_IMU_record_2_IMU1_seg0066_c0002,2405.977807044983,2406.5501909255977,0.5723838806147796,660.2082315428783,IMU1,,,,artifact / likely_fetal / uncertain
FOUR_IMU,record_2,record_2,FOUR_IMU_record_2_IMU4_seg0064,FOUR_IMU_record_2_IMU4_seg0064_c0007,2036.524716854096,2038.982990026474,2.4582731723783127,623.9192056081981,IMU4,,,,artifact / likely_fetal / uncertain
FOUR_IMU,record_3,record_3,FOUR_IMU_record_3_IMU1_seg0031,FOUR_IMU_record_3_IMU1_seg0031_c0002,1590.2377860546112,1591.8597929477692,1.622006893157959,606.5071632929255,IMU1,,,,artifact / likely_fetal / uncertain
FOUR_IMU,record_12,record_12,FOUR_IMU_record_12_IMU1_seg0049,FOUR_IMU_record_12_IMU1_seg0049_c0009,1290.2577810287476,1291.1224758625033,0.8646948337557205,645.2567299045147,IMU1,,,,artifact / likely_fetal / uncertain
FOUR_IMU,record_44,record_44,FOUR_IMU_record_44_IMU3_seg0002,FOUR_IMU_record_44_IMU3_seg0002_c0008,400.2454090118408,401.2951459884643,1.0497369766234783,695.6102047394344,IMU3,,,,artifact / likely_fetal / uncertain
FOUR_IMU,record_21,record_21,FOUR_IMU_record_21_IMU1_seg0063,FOUR_IMU_record_21_IMU1_seg0063_c0003,2020.9177761077883,2021.705315113068,0.7875390052797684,815.1555745317357,IMU1,,,,artifact / likely_fetal / uncertain
FOUR_IMU,record_27,record_27,FOUR_IMU_record_27_IMU2_seg0025,FOUR_IMU_record_27_IMU2_seg0025_c0002,2106.561317920685,2109.625751972199,3.064434051514126,1172.358454552842,IMU2,,,,artifact / likely_fetal / uncertain
FOUR_IMU,record_36,record_36,FOUR_IMU_record_36_IMU4_seg0024,FOUR_IMU_record_36_IMU4_seg0024_c0005,1443.3153438568115,1446.014611005783,2.6992671489715576,1044.7840221999838,IMU4,,,,artifact / likely_fetal / uncertain
FOUR_IMU,record_15,record_15,FOUR_IMU_record_15_IMU4_seg0076,FOUR_IMU_record_15_IMU4_seg0076_c0001,2449.403972148896,2450.350119113922,0.9461469650264008,655.4853122050927,IMU4,,,,artifact / likely_fetal / uncertain
FOUR_IMU,record_1,record_1,FOUR_IMU_record_1_IMU4_seg0065,FOUR_IMU_record_1_IMU4_seg0065_c0007,156.661624229,157.34049292900002,0.6788687000000095,1240.1268293046903,IMU4,,,,artifact / likely_fetal / uncertain
FOUR_IMU,record_14,record_14,FOUR_IMU_record_14_IMU1_seg0131,FOUR_IMU_record_14_IMU1_seg0131_c0001,3479.548138141632,3482.106782913208,2.558644771575928,764.5543257955821,IMU1,,,,artifact / likely_fetal / uncertain
FOUR_IMU,record_7,record_7,FOUR_IMU_record_7_IMU2_seg0034,FOUR_IMU_record_7_IMU2_seg0034_c0001,1347.1716752052307,1348.658902168274,1.487226963043213,1303.0532637633362,IMU2,,,,artifact / likely_fetal / uncertain
FOUR_IMU,record_41,record_41,FOUR_IMU_record_41_IMU2_seg0037,FOUR_IMU_record_41_IMU2_seg0037_c0002,2687.441882133484,2688.303300142288,0.8614180088043213,608.9962341982905,IMU2,,,,artifact / likely_fetal / uncertain
FOUR_IMU,record_36,record_36,FOUR_IMU_record_36_IMU4_seg0012,FOUR_IMU_record_36_IMU4_seg0012_c0001,591.9929130077362,595.4226739406586,3.429760932922364,739.1567675554753,IMU4,,,,artifact / likely_fetal / uncertain
FOUR_IMU,record_33,record_33,FOUR_IMU_record_33_IMU1_seg0016,FOUR_IMU_record_33_IMU1_seg0016_c0001,729.3458540439606,729.6291999816895,0.2833459377288818,832.4230674110036,IMU1,,,,artifact / likely_fetal / uncertain
FOUR_IMU,record_18,record_18,FOUR_IMU_record_18_IMU4_seg0025,FOUR_IMU_record_18_IMU4_seg0025_c0001,1.1389288902282717,3.124898910522461,1.9859700202941888,1319.0526744481142,IMU4,,,,artifact / likely_fetal / uncertain
FOUR_IMU,record_6,record_6,FOUR_IMU_record_6_IMU4_seg0027,FOUR_IMU_record_6_IMU4_seg0027_c0025,1180.618929862976,1182.8669800758362,2.2480502128601074,981.1680454222828,IMU4,,,,artifact / likely_fetal / uncertain
OXFORD,451377,451377,OXFORD_451377_BCG_3AXIS_seg0001,OXFORD_451377_BCG_3AXIS_seg0001_c0004,9.26,10.648,1.388,0.0554640960882765,BCG_3AXIS,,,,artifact / likely_fetal / uncertain
OXFORD,451043,451043,OXFORD_451043_BCG_3AXIS_seg0001,OXFORD_451043_BCG_3AXIS_seg0001_c0042,473.254,474.336,1.0819999999999936,0.052303979530797,BCG_3AXIS,,,,artifact / likely_fetal / uncertain
OXFORD,451609,451609,OXFORD_451609_BCG_3AXIS_seg0001,OXFORD_451609_BCG_3AXIS_seg0001_c0007,230.154,230.832,0.6779999999999973,0.0464654628554881,BCG_3AXIS,,,,artifact / likely_fetal / uncertain
OXFORD,451743,451743,OXFORD_451743_BCG_3AXIS_seg0001,OXFORD_451743_BCG_3AXIS_seg0001_c0082,892.02,892.698,0.6779999999999973,0.0574495787537222,BCG_3AXIS,,,,artifact / likely_fetal / uncertain
OXFORD,450569,450569,OXFORD_450569_BCG_3AXIS_seg0001,OXFORD_450569_BCG_3AXIS_seg0001_c0054,653.784,654.124,0.3400000000000318,0.0538209022903552,BCG_3AXIS,,,,artifact / likely_fetal / uncertain
OXFORD,451049,451049,OXFORD_451049_BCG_3AXIS_seg0001,OXFORD_451049_BCG_3AXIS_seg0001_c0002,37.736,38.604,0.8680000000000021,0.0511026708080462,BCG_3AXIS,,,,artifact / likely_fetal / uncertain
OXFORD,451280,451280,OXFORD_451280_BCG_3AXIS_seg0001,OXFORD_451280_BCG_3AXIS_seg0001_c0066,417.842,418.286,0.4440000000000168,0.0492029353573042,BCG_3AXIS,,,,artifact / likely_fetal / uncertain
OXFORD,451625,451625,OXFORD_451625_BCG_3AXIS_seg0001,OXFORD_451625_BCG_3AXIS_seg0001_c0046,662.194,662.512,0.3179999999999836,0.0377915607116903,BCG_3AXIS,,,,artifact / likely_fetal / uncertain
OXFORD,450663,450663,OXFORD_450663_BCG_3AXIS_seg0001,OXFORD_450663_BCG_3AXIS_seg0001_c0021,341.328,341.844,0.5160000000000196,0.0463263863612566,BCG_3AXIS,,,,artifact / likely_fetal / uncertain
OXFORD,451377,451377,OXFORD_451377_BCG_3AXIS_seg0001,OXFORD_451377_BCG_3AXIS_seg0001_c0033,430.112,430.712,0.5999999999999659,0.057932773828456,BCG_3AXIS,,,,artifact / likely_fetal / uncertain
OXFORD,451875,451875,OXFORD_451875_BCG_3AXIS_seg0001,OXFORD_451875_BCG_3AXIS_seg0001_c0141,874.138,874.602,0.4639999999999418,0.052232243360111,BCG_3AXIS,,,,artifact / likely_fetal / uncertain
OXFORD,451280,451280,OXFORD_451280_BCG_3AXIS_seg0001,OXFORD_451280_BCG_3AXIS_seg0001_c0048,243.41,243.848,0.4380000000000166,0.0561807422165333,BCG_3AXIS,,,,artifact / likely_fetal / uncertain
OXFORD,451927,451927,OXFORD_451927_BCG_3AXIS_seg0001,OXFORD_451927_BCG_3AXIS_seg0001_c0070,779.984,781.112,1.127999999999929,0.0452045165817384,BCG_3AXIS,,,,artifact / likely_fetal / uncertain
OXFORD,451625,451625,OXFORD_451625_BCG_3AXIS_seg0001,OXFORD_451625_BCG_3AXIS_seg0001_c0050,777.732,778.572,0.8400000000000318,0.0448916419249938,BCG_3AXIS,,,,artifact / likely_fetal / uncertain
OXFORD,450663,450663,OXFORD_450663_BCG_3AXIS_seg0001,OXFORD_450663_BCG_3AXIS_seg0001_c0041,674.226,674.826,0.6000000000000227,0.052851715948223,BCG_3AXIS,,,,artifact / likely_fetal / uncertain
OXFORD,450569,450569,OXFORD_450569_BCG_3AXIS_seg0001,OXFORD_450569_BCG_3AXIS_seg0001_c0018,255.456,255.822,0.3660000000000138,0.054029457072833,BCG_3AXIS,,,,artifact / likely_fetal / uncertain
OXFORD,451043,451043,OXFORD_451043_BCG_3AXIS_seg0001,OXFORD_451043_BCG_3AXIS_seg0001_c0019,151.974,152.406,0.4320000000000163,0.0357885741403519,BCG_3AXIS,,,,artifact / likely_fetal / uncertain
OXFORD,451049,451049,OXFORD_451049_BCG_3AXIS_seg0001,OXFORD_451049_BCG_3AXIS_seg0001_c0020,312.936,313.714,0.77800000000002,0.0497317776258896,BCG_3AXIS,,,,artifact / likely_fetal / uncertain
OXFORD,451421,451421,OXFORD_451421_BCG_3AXIS_seg0001,OXFORD_451421_BCG_3AXIS_seg0001_c0039,609.262,609.736,0.4740000000000464,0.0551054443739941,BCG_3AXIS,,,,artifact / likely_fetal / uncertain
OXFORD,451625,451625,OXFORD_451625_BCG_3AXIS_seg0001,OXFORD_451625_BCG_3AXIS_seg0001_c0042,602.812,603.852,1.0399999999999636,0.0524109248300308,BCG_3AXIS,,,,artifact / likely_fetal / uncertain
OXFORD,450663,450663,OXFORD_450663_BCG_3AXIS_seg0001,OXFORD_450663_BCG_3AXIS_seg0001_c0031,571.348,572.046,0.6980000000000928,0.0547051460181347,BCG_3AXIS,,,,artifact / likely_fetal / uncertain
OXFORD,451625,451625,OXFORD_451625_BCG_3AXIS_seg0001,OXFORD_451625_BCG_3AXIS_seg0001_c0032,473.71,474.174,0.4639999999999986,0.0465573896283331,BCG_3AXIS,,,,artifact / likely_fetal / uncertain
OXFORD,451875,451875,OXFORD_451875_BCG_3AXIS_seg0001,OXFORD_451875_BCG_3AXIS_seg0001_c0039,385.462,386.544,1.0819999999999936,0.0531917909372666,BCG_3AXIS,,,,artifact / likely_fetal / uncertain
OXFORD,451049,451049,OXFORD_451049_BCG_3AXIS_seg0001,OXFORD_451049_BCG_3AXIS_seg0001_c0029,533.062,533.688,0.6259999999999764,0.0475011972940788,BCG_3AXIS,,,,artifact / likely_fetal / uncertain
OXFORD,451280,451280,OXFORD_451280_BCG_3AXIS_seg0001,OXFORD_451280_BCG_3AXIS_seg0001_c0057,293.38,293.678,0.2980000000000018,0.0550495404822757,BCG_3AXIS,,,,artifact / likely_fetal / uncertain
OXFORD,450663,450663,OXFORD_450663_BCG_3AXIS_seg0001,OXFORD_450663_BCG_3AXIS_seg0001_c0042,724.572,724.874,0.3020000000000209,0.0464155148685157,BCG_3AXIS,,,,artifact / likely_fetal / uncertain
OXFORD,451625,451625,OXFORD_451625_BCG_3AXIS_seg0001,OXFORD_451625_BCG_3AXIS_seg0001_c0025,406.118,406.474,0.3559999999999945,0.0374233129953948,BCG_3AXIS,,,,artifact / likely_fetal / uncertain
OXFORD,451625,451625,OXFORD_451625_BCG_3AXIS_seg0001,OXFORD_451625_BCG_3AXIS_seg0001_c0018,304.28,304.794,0.51400000000001,0.0394726175258792,BCG_3AXIS,,,,artifact / likely_fetal / uncertain
OXFORD,451049,451049,OXFORD_451049_BCG_3AXIS_seg0001,OXFORD_451049_BCG_3AXIS_seg0001_c0003,44.894,45.832,0.9380000000000024,0.0457440414901609,BCG_3AXIS,,,,artifact / likely_fetal / uncertain
OXFORD,451875,451875,OXFORD_451875_BCG_3AXIS_seg0001,OXFORD_451875_BCG_3AXIS_seg0001_c0054,484.014,484.87,0.8559999999999945,0.0539224383039501,BCG_3AXIS,,,,artifact / likely_fetal / uncertain
OXFORD,450663,450663,OXFORD_450663_BCG_3AXIS_seg0001,OXFORD_450663_BCG_3AXIS_seg0001_c0014,236.348,236.702,0.353999999999985,0.0561081659352287,BCG_3AXIS,,,,artifact / likely_fetal / uncertain
OXFORD,451743,451743,OXFORD_451743_BCG_3AXIS_seg0001,OXFORD_451743_BCG_3AXIS_seg0001_c0006,102.9,103.208,0.3079999999999927,0.0574836563204051,BCG_3AXIS,,,,artifact / likely_fetal / uncertain
OXFORD,450569,450569,OXFORD_450569_BCG_3AXIS_seg0001,OXFORD_450569_BCG_3AXIS_seg0001_c0007,114.706,115.33,0.6239999999999952,0.051852186408783,BCG_3AXIS,,,,artifact / likely_fetal / uncertain
OXFORD,451377,451377,OXFORD_451377_BCG_3AXIS_seg0001,OXFORD_451377_BCG_3AXIS_seg0001_c0040,490.63,491.418,0.7880000000000109,0.0580092445757762,BCG_3AXIS,,,,artifact / likely_fetal / uncertain
OXFORD,451421,451421,OXFORD_451421_BCG_3AXIS_seg0001,OXFORD_451421_BCG_3AXIS_seg0001_c0041,632.512,632.89,0.3780000000000427,0.0473589936351643,BCG_3AXIS,,,,artifact / likely_fetal / uncertain
OXFORD,451743,451743,OXFORD_451743_BCG_3AXIS_seg0001,OXFORD_451743_BCG_3AXIS_seg0001_c0001,31.38,32.352,0.9719999999999978,0.0744606094102812,BCG_3AXIS,,,,artifact / likely_fetal / uncertain
OXFORD,450663,450663,OXFORD_450663_BCG_3AXIS_seg0001,OXFORD_450663_BCG_3AXIS_seg0001_c0009,168.986,169.4,0.4140000000000157,0.0745723525039797,BCG_3AXIS,,,,artifact / likely_fetal / uncertain
OXFORD,450569,450569,OXFORD_450569_BCG_3AXIS_seg0001,OXFORD_450569_BCG_3AXIS_seg0001_c0021,268.768,269.928,1.160000000000025,0.0602191354548093,BCG_3AXIS,,,,artifact / likely_fetal / uncertain
OXFORD,451875,451875,OXFORD_451875_BCG_3AXIS_seg0001,OXFORD_451875_BCG_3AXIS_seg0001_c0148,898.726,902.0,3.274000000000001,0.0650992549460751,BCG_3AXIS,,,,artifact / likely_fetal / uncertain
OXFORD,451625,451625,OXFORD_451625_BCG_3AXIS_seg0001,OXFORD_451625_BCG_3AXIS_seg0001_c0052,867.328,867.628,0.3000000000000682,0.0679135093880909,BCG_3AXIS,,,,artifact / likely_fetal / uncertain
OXFORD,451625,451625,OXFORD_451625_BCG_3AXIS_seg0001,OXFORD_451625_BCG_3AXIS_seg0001_c0038,506.296,507.84,1.5439999999999827,0.0624014347041027,BCG_3AXIS,,,,artifact / likely_fetal / uncertain
OXFORD,451049,451049,OXFORD_451049_BCG_3AXIS_seg0001,OXFORD_451049_BCG_3AXIS_seg0001_c0044,849.584,851.292,1.7080000000000837,0.0735664940039165,BCG_3AXIS,,,,artifact / likely_fetal / uncertain
OXFORD,451377,451377,OXFORD_451377_BCG_3AXIS_seg0001,OXFORD_451377_BCG_3AXIS_seg0001_c0005,15.87,17.01,1.1400000000000023,0.0585177718879744,BCG_3AXIS,,,,artifact / likely_fetal / uncertain
OXFORD,451927,451927,OXFORD_451927_BCG_3AXIS_seg0001,OXFORD_451927_BCG_3AXIS_seg0001_c0025,300.2,302.138,1.937999999999988,0.0637438626604628,BCG_3AXIS,,,,artifact / likely_fetal / uncertain
OXFORD,450663,450663,OXFORD_450663_BCG_3AXIS_seg0001,OXFORD_450663_BCG_3AXIS_seg0001_c0045,743.582,743.94,0.3580000000000609,0.0587391900806729,BCG_3AXIS,,,,artifact / likely_fetal / uncertain
OXFORD,451875,451875,OXFORD_451875_BCG_3AXIS_seg0001,OXFORD_451875_BCG_3AXIS_seg0001_c0006,91.114,92.278,1.1640000000000017,0.0714964292855209,BCG_3AXIS,,,,artifact / likely_fetal / uncertain
OXFORD,451875,451875,OXFORD_451875_BCG_3AXIS_seg0001,OXFORD_451875_BCG_3AXIS_seg0001_c0020,199.712,204.888,5.176000000000016,0.0697030294451329,BCG_3AXIS,,,,artifact / likely_fetal / uncertain
OXFORD,450569,450569,OXFORD_450569_BCG_3AXIS_seg0001,OXFORD_450569_BCG_3AXIS_seg0001_c0072,847.474,848.444,0.9699999999999136,0.0653514480096339,BCG_3AXIS,,,,artifact / likely_fetal / uncertain
OXFORD,451875,451875,OXFORD_451875_BCG_3AXIS_seg0001,OXFORD_451875_BCG_3AXIS_seg0001_c0089,591.548,592.066,0.5180000000000291,0.0679460841445709,BCG_3AXIS,,,,artifact / likely_fetal / uncertain
OXFORD,451043,451043,OXFORD_451043_BCG_3AXIS_seg0001,OXFORD_451043_BCG_3AXIS_seg0001_c0056,558.11,558.988,0.8780000000000427,0.0641295907736667,BCG_3AXIS,,,,artifact / likely_fetal / uncertain
OXFORD,451625,451625,OXFORD_451625_BCG_3AXIS_seg0001,OXFORD_451625_BCG_3AXIS_seg0001_c0054,883.162,883.816,0.6539999999999964,0.0660868990552541,BCG_3AXIS,,,,artifact / likely_fetal / uncertain
OXFORD,451609,451609,OXFORD_451609_BCG_3AXIS_seg0001,OXFORD_451609_BCG_3AXIS_seg0001_c0030,644.3,646.502,2.201999999999998,0.0674088303341956,BCG_3AXIS,,,,artifact / likely_fetal / uncertain
OXFORD,451743,451743,OXFORD_451743_BCG_3AXIS_seg0001,OXFORD_451743_BCG_3AXIS_seg0001_c0050,379.746,380.518,0.7719999999999914,0.0734283240817965,BCG_3AXIS,,,,artifact / likely_fetal / uncertain
OXFORD,451993,451993,OXFORD_451993_BCG_3AXIS_seg0001,OXFORD_451993_BCG_3AXIS_seg0001_c0045,369.216,369.728,0.5120000000000005,0.0669727776606101,BCG_3AXIS,,,,artifact / likely_fetal / uncertain
OXFORD,451377,451377,OXFORD_451377_BCG_3AXIS_seg0001,OXFORD_451377_BCG_3AXIS_seg0001_c0028,315.782,316.194,0.4120000000000345,0.0599738400700581,BCG_3AXIS,,,,artifact / likely_fetal / uncertain
OXFORD,450663,450663,OXFORD_450663_BCG_3AXIS_seg0001,OXFORD_450663_BCG_3AXIS_seg0001_c0034,589.126,589.948,0.8220000000000027,0.0765404701072984,BCG_3AXIS,,,,artifact / likely_fetal / uncertain
OXFORD,451280,451280,OXFORD_451280_BCG_3AXIS_seg0001,OXFORD_451280_BCG_3AXIS_seg0001_c0120,872.148,872.498,0.3500000000000227,0.0584738975348277,BCG_3AXIS,,,,artifact / likely_fetal / uncertain
OXFORD,451625,451625,OXFORD_451625_BCG_3AXIS_seg0001,OXFORD_451625_BCG_3AXIS_seg0001_c0002,4.16,4.548,0.3879999999999999,0.0713946007417335,BCG_3AXIS,,,,artifact / likely_fetal / uncertain
OXFORD,451049,451049,OXFORD_451049_BCG_3AXIS_seg0001,OXFORD_451049_BCG_3AXIS_seg0001_c0031,549.3,549.812,0.5120000000000573,0.0595641613413414,BCG_3AXIS,,,,artifact / likely_fetal / uncertain
OXFORD,451043,451043,OXFORD_451043_BCG_3AXIS_seg0001,OXFORD_451043_BCG_3AXIS_seg0001_c0048,501.134,504.228,3.093999999999994,0.061140510249478,BCG_3AXIS,,,,artifact / likely_fetal / uncertain
OXFORD,451280,451280,OXFORD_451280_BCG_3AXIS_seg0001,OXFORD_451280_BCG_3AXIS_seg0001_c0128,899.028,899.356,0.3279999999999745,0.0584629887191626,BCG_3AXIS,,,,artifact / likely_fetal / uncertain
OXFORD,451421,451421,OXFORD_451421_BCG_3AXIS_seg0001,OXFORD_451421_BCG_3AXIS_seg0001_c0042,651.19,651.85,0.6599999999999682,0.0709174566796302,BCG_3AXIS,,,,artifact / likely_fetal / uncertain
OXFORD,451743,451743,OXFORD_451743_BCG_3AXIS_seg0001,OXFORD_451743_BCG_3AXIS_seg0001_c0040,349.954,350.72,0.7660000000000196,0.0714827120806354,BCG_3AXIS,,,,artifact / likely_fetal / uncertain
OXFORD,450663,450663,OXFORD_450663_BCG_3AXIS_seg0001,OXFORD_450663_BCG_3AXIS_seg0001_c0061,880.406,880.73,0.3240000000000691,0.0691125967251354,BCG_3AXIS,,,,artifact / likely_fetal / uncertain
OXFORD,451377,451377,OXFORD_451377_BCG_3AXIS_seg0001,OXFORD_451377_BCG_3AXIS_seg0001_c0036,462.638,463.182,0.5440000000000396,0.0616562982846623,BCG_3AXIS,,,,artifact / likely_fetal / uncertain
OXFORD,451898,451898,OXFORD_451898_BCG_3AXIS_seg0001,OXFORD_451898_BCG_3AXIS_seg0001_c0010,458.478,459.256,0.7779999999999632,0.0604123249876436,BCG_3AXIS,,,,artifact / likely_fetal / uncertain
OXFORD,451898,451898,OXFORD_451898_BCG_3AXIS_seg0001,OXFORD_451898_BCG_3AXIS_seg0001_c0003,62.918,64.016,1.098000000000006,0.0765431151100043,BCG_3AXIS,,,,artifact / likely_fetal / uncertain
OXFORD,450663,450663,OXFORD_450663_BCG_3AXIS_seg0001,OXFORD_450663_BCG_3AXIS_seg0001_c0055,841.016,842.03,1.01400000000001,0.0638448670326305,BCG_3AXIS,,,,artifact / likely_fetal / uncertain
OXFORD,451280,451280,OXFORD_451280_BCG_3AXIS_seg0001,OXFORD_451280_BCG_3AXIS_seg0001_c0107,797.998,798.35,0.3519999999999754,0.0695938205497802,BCG_3AXIS,,,,artifact / likely_fetal / uncertain
OXFORD,451609,451609,OXFORD_451609_BCG_3AXIS_seg0001,OXFORD_451609_BCG_3AXIS_seg0001_c0009,245.41,245.924,0.51400000000001,0.0625776207886569,BCG_3AXIS,,,,artifact / likely_fetal / uncertain
OXFORD,451421,451421,OXFORD_451421_BCG_3AXIS_seg0001,OXFORD_451421_BCG_3AXIS_seg0001_c0030,560.992,561.622,0.6299999999999955,0.0914329332237151,BCG_3AXIS,,,,artifact / likely_fetal / uncertain
OXFORD,451875,451875,OXFORD_451875_BCG_3AXIS_seg0001,OXFORD_451875_BCG_3AXIS_seg0001_c0139,866.258,869.14,2.881999999999948,0.0783157472546408,BCG_3AXIS,,,,artifact / likely_fetal / uncertain
OXFORD,154100,154100,OXFORD_154100_BCG_3AXIS_seg0001,OXFORD_154100_BCG_3AXIS_seg0001_c0017,133.034,133.568,0.5340000000000202,0.093122485604435,BCG_3AXIS,,,,artifact / likely_fetal / uncertain
OXFORD,451280,451280,OXFORD_451280_BCG_3AXIS_seg0001,OXFORD_451280_BCG_3AXIS_seg0001_c0116,846.824,847.83,1.0060000000000855,0.1084210489805346,BCG_3AXIS,,,,artifact / likely_fetal / uncertain
OXFORD,451043,451043,OXFORD_451043_BCG_3AXIS_seg0001,OXFORD_451043_BCG_3AXIS_seg0001_c0029,301.742,302.794,1.051999999999964,0.1021272199232155,BCG_3AXIS,,,,artifact / likely_fetal / uncertain
OXFORD,451993,451993,OXFORD_451993_BCG_3AXIS_seg0001,OXFORD_451993_BCG_3AXIS_seg0001_c0037,325.684,326.362,0.6779999999999973,0.0979017039717698,BCG_3AXIS,,,,artifact / likely_fetal / uncertain
OXFORD,451609,451609,OXFORD_451609_BCG_3AXIS_seg0001,OXFORD_451609_BCG_3AXIS_seg0001_c0018,473.66,475.004,1.343999999999994,0.1020238900930549,BCG_3AXIS,,,,artifact / likely_fetal / uncertain
OXFORD,450569,450569,OXFORD_450569_BCG_3AXIS_seg0001,OXFORD_450569_BCG_3AXIS_seg0001_c0030,358.806,360.912,2.1059999999999945,0.0805052412393243,BCG_3AXIS,,,,artifact / likely_fetal / uncertain
OXFORD,451875,451875,OXFORD_451875_BCG_3AXIS_seg0001,OXFORD_451875_BCG_3AXIS_seg0001_c0025,261.676,263.63,1.954000000000008,0.0831870539847315,BCG_3AXIS,,,,artifact / likely_fetal / uncertain
OXFORD,451625,451625,OXFORD_451625_BCG_3AXIS_seg0001,OXFORD_451625_BCG_3AXIS_seg0001_c0045,656.992,659.038,2.046000000000049,0.1017513446177891,BCG_3AXIS,,,,artifact / likely_fetal / uncertain
OXFORD,450663,450663,OXFORD_450663_BCG_3AXIS_seg0001,OXFORD_450663_BCG_3AXIS_seg0001_c0004,105.642,106.086,0.4440000000000026,0.0833117626139548,BCG_3AXIS,,,,artifact / likely_fetal / uncertain
OXFORD,451993,451993,OXFORD_451993_BCG_3AXIS_seg0001,OXFORD_451993_BCG_3AXIS_seg0001_c0057,566.316,566.836,0.5199999999999818,0.0819408354042263,BCG_3AXIS,,,,artifact / likely_fetal / uncertain
OXFORD,450569,450569,OXFORD_450569_BCG_3AXIS_seg0001,OXFORD_450569_BCG_3AXIS_seg0001_c0070,831.678,832.636,0.95799999999997,0.0784522635168817,BCG_3AXIS,,,,artifact / likely_fetal / uncertain
OXFORD,451898,451898,OXFORD_451898_BCG_3AXIS_seg0001,OXFORD_451898_BCG_3AXIS_seg0001_c0008,408.038,408.988,0.9499999999999886,0.0973407230051249,BCG_3AXIS,,,,artifact / likely_fetal / uncertain
OXFORD,451280,451280,OXFORD_451280_BCG_3AXIS_seg0001,OXFORD_451280_BCG_3AXIS_seg0001_c0085,568.82,569.446,0.6259999999999764,0.0791041475763578,BCG_3AXIS,,,,artifact / likely_fetal / uncertain
OXFORD,451043,451043,OXFORD_451043_BCG_3AXIS_seg0001,OXFORD_451043_BCG_3AXIS_seg0001_c0047,498.024,500.436,2.4119999999999777,0.0800906112733287,BCG_3AXIS,,,,artifact / likely_fetal / uncertain
OXFORD,451875,451875,OXFORD_451875_BCG_3AXIS_seg0001,OXFORD_451875_BCG_3AXIS_seg0001_c0121,735.0,736.016,1.0159999999999627,0.0941460648021074,BCG_3AXIS,,,,artifact / likely_fetal / uncertain
OXFORD,154100,154100,OXFORD_154100_BCG_3AXIS_seg0001,OXFORD_154100_BCG_3AXIS_seg0001_c0030,235.486,236.094,0.6080000000000041,0.0888118992936781,BCG_3AXIS,,,,artifact / likely_fetal / uncertain
OXFORD,451905,451905,OXFORD_451905_BCG_3AXIS_seg0001,OXFORD_451905_BCG_3AXIS_seg0001_c0062,694.208,694.746,0.5380000000000109,0.0983576859304845,BCG_3AXIS,,,,artifact / likely_fetal / uncertain
OXFORD,451927,451927,OXFORD_451927_BCG_3AXIS_seg0001,OXFORD_451927_BCG_3AXIS_seg0001_c0050,599.664,600.704,1.0399999999999636,0.0962281264799814,BCG_3AXIS,,,,artifact / likely_fetal / uncertain
OXFORD,451609,451609,OXFORD_451609_BCG_3AXIS_seg0001,OXFORD_451609_BCG_3AXIS_seg0001_c0037,717.804,720.326,2.522000000000048,0.0942180554745549,BCG_3AXIS,,,,artifact / likely_fetal / uncertain
OXFORD,451280,451280,OXFORD_451280_BCG_3AXIS_seg0001,OXFORD_451280_BCG_3AXIS_seg0001_c0041,198.948,199.262,0.3139999999999929,0.1085683426954173,BCG_3AXIS,,,,artifact / likely_fetal / uncertain
OXFORD,451898,451898,OXFORD_451898_BCG_3AXIS_seg0001,OXFORD_451898_BCG_3AXIS_seg0001_c0002,61.604,62.394,0.7899999999999991,0.0806405220193351,BCG_3AXIS,,,,artifact / likely_fetal / uncertain
OXFORD,451377,451377,OXFORD_451377_BCG_3AXIS_seg0001,OXFORD_451377_BCG_3AXIS_seg0001_c0007,32.972,33.422,0.4499999999999957,0.0826296256475059,BCG_3AXIS,,,,artifact / likely_fetal / uncertain
OXFORD,451280,451280,OXFORD_451280_BCG_3AXIS_seg0001,OXFORD_451280_BCG_3AXIS_seg0001_c0024,107.86,108.212,0.3520000000000038,0.0932466600770527,BCG_3AXIS,,,,artifact / likely_fetal / uncertain
OXFORD,450569,450569,OXFORD_450569_BCG_3AXIS_seg0001,OXFORD_450569_BCG_3AXIS_seg0001_c0065,816.482,817.508,1.0260000000000673,0.0835540139479698,BCG_3AXIS,,,,artifact / likely_fetal / uncertain
OXFORD,450569,450569,OXFORD_450569_BCG_3AXIS_seg0001,OXFORD_450569_BCG_3AXIS_seg0001_c0068,826.214,827.052,0.8379999999999654,0.0787676731993059,BCG_3AXIS,,,,artifact / likely_fetal / uncertain
OXFORD,451609,451609,OXFORD_451609_BCG_3AXIS_seg0001,OXFORD_451609_BCG_3AXIS_seg0001_c0038,722.48,723.87,1.3899999999999864,0.087196807282103,BCG_3AXIS,,,,artifact / likely_fetal / uncertain
OXFORD,451927,451927,OXFORD_451927_BCG_3AXIS_seg0001,OXFORD_451927_BCG_3AXIS_seg0001_c0032,384.042,387.08,3.038000000000011,0.0937685200238738,BCG_3AXIS,,,,artifact / likely_fetal / uncertain
OXFORD,451043,451043,OXFORD_451043_BCG_3AXIS_seg0001,OXFORD_451043_BCG_3AXIS_seg0001_c0003,9.188,10.568,1.379999999999999,0.0986279048802108,BCG_3AXIS,,,,artifact / likely_fetal / uncertain
OXFORD,451609,451609,OXFORD_451609_BCG_3AXIS_seg0001,OXFORD_451609_BCG_3AXIS_seg0001_c0040,871.312,872.048,0.73599999999999,0.1028584674257706,BCG_3AXIS,,,,artifact / likely_fetal / uncertain
OXFORD,450663,450663,OXFORD_450663_BCG_3AXIS_seg0001,OXFORD_450663_BCG_3AXIS_seg0001_c0008,164.832,166.144,1.3120000000000118,0.1059624790644046,BCG_3AXIS,,,,artifact / likely_fetal / uncertain
OXFORD,451049,451049,OXFORD_451049_BCG_3AXIS_seg0001,OXFORD_451049_BCG_3AXIS_seg0001_c0026,425.072,425.962,0.8899999999999864,0.1049454342310722,BCG_3AXIS,,,,artifact / likely_fetal / uncertain
OXFORD,451421,451421,OXFORD_451421_BCG_3AXIS_seg0001,OXFORD_451421_BCG_3AXIS_seg0001_c0023,446.91,447.464,0.5539999999999736,0.0955302301680179,BCG_3AXIS,,,,artifact / likely_fetal / uncertain
OXFORD,451743,451743,OXFORD_451743_BCG_3AXIS_seg0001,OXFORD_451743_BCG_3AXIS_seg0001_c0031,322.18,322.924,0.7439999999999714,0.0781092285717812,BCG_3AXIS,,,,artifact / likely_fetal / uncertain
OXFORD,450663,450663,OXFORD_450663_BCG_3AXIS_seg0001,OXFORD_450663_BCG_3AXIS_seg0001_c0036,622.214,625.902,3.687999999999988,0.1284514661527534,BCG_3AXIS,,,,artifact / likely_fetal / uncertain
OXFORD,451377,451377,OXFORD_451377_BCG_3AXIS_seg0001,OXFORD_451377_BCG_3AXIS_seg0001_c0048,690.728,691.976,1.2480000000000473,0.1419720568620384,BCG_3AXIS,,,,artifact / likely_fetal / uncertain
OXFORD,451377,451377,OXFORD_451377_BCG_3AXIS_seg0001,OXFORD_451377_BCG_3AXIS_seg0001_c0023,234.488,235.958,1.4699999999999989,0.1989018425122523,BCG_3AXIS,,,,artifact / likely_fetal / uncertain
OXFORD,451875,451875,OXFORD_451875_BCG_3AXIS_seg0001,OXFORD_451875_BCG_3AXIS_seg0001_c0119,729.148,731.654,2.505999999999972,0.1660116921347541,BCG_3AXIS,,,,artifact / likely_fetal / uncertain
OXFORD,154100,154100,OXFORD_154100_BCG_3AXIS_seg0001,OXFORD_154100_BCG_3AXIS_seg0001_c0011,76.406,76.956,0.5499999999999972,0.1612946503470164,BCG_3AXIS,,,,artifact / likely_fetal / uncertain
OXFORD,451280,451280,OXFORD_451280_BCG_3AXIS_seg0001,OXFORD_451280_BCG_3AXIS_seg0001_c0086,605.922,607.86,1.937999999999988,0.1187340395567575,BCG_3AXIS,,,,artifact / likely_fetal / uncertain
OXFORD,451609,451609,OXFORD_451609_BCG_3AXIS_seg0001,OXFORD_451609_BCG_3AXIS_seg0001_c0041,872.662,873.882,1.2199999999999136,0.1593282974944516,BCG_3AXIS,,,,artifact / likely_fetal / uncertain
OXFORD,451927,451927,OXFORD_451927_BCG_3AXIS_seg0001,OXFORD_451927_BCG_3AXIS_seg0001_c0005,54.584,55.406,0.8219999999999956,0.2019848258409035,BCG_3AXIS,,,,artifact / likely_fetal / uncertain
OXFORD,451049,451049,OXFORD_451049_BCG_3AXIS_seg0001,OXFORD_451049_BCG_3AXIS_seg0001_c0025,395.22,396.108,0.8879999999999768,0.1276578018713594,BCG_3AXIS,,,,artifact / likely_fetal / uncertain
OXFORD,451421,451421,OXFORD_451421_BCG_3AXIS_seg0001,OXFORD_451421_BCG_3AXIS_seg0001_c0017,389.002,389.79,0.7880000000000109,0.2665111009650441,BCG_3AXIS,,,,artifact / likely_fetal / uncertain
OXFORD,451421,451421,OXFORD_451421_BCG_3AXIS_seg0001,OXFORD_451421_BCG_3AXIS_seg0001_c0060,868.406,869.894,1.4880000000000564,0.2890587144386315,BCG_3AXIS,,,,artifact / likely_fetal / uncertain
OXFORD,451993,451993,OXFORD_451993_BCG_3AXIS_seg0001,OXFORD_451993_BCG_3AXIS_seg0001_c0071,693.984,694.448,0.4639999999999418,0.1764175437456479,BCG_3AXIS,,,,artifact / likely_fetal / uncertain
OXFORD,450569,450569,OXFORD_450569_BCG_3AXIS_seg0001,OXFORD_450569_BCG_3AXIS_seg0001_c0005,35.63,39.634,4.003999999999998,0.1151468089305708,BCG_3AXIS,,,,artifact / likely_fetal / uncertain
OXFORD,451898,451898,OXFORD_451898_BCG_3AXIS_seg0001,OXFORD_451898_BCG_3AXIS_seg0001_c0014,560.158,563.322,3.163999999999988,0.3208615284512321,BCG_3AXIS,,,,artifact / likely_fetal / uncertain
OXFORD,451927,451927,OXFORD_451927_BCG_3AXIS_seg0001,OXFORD_451927_BCG_3AXIS_seg0001_c0001,1.178,1.852,0.6740000000000002,1.6568935145872898,BCG_3AXIS,,,,artifact / likely_fetal / uncertain
OXFORD,450569,450569,OXFORD_450569_BCG_3AXIS_seg0001,OXFORD_450569_BCG_3AXIS_seg0001_c0060,802.358,803.574,1.2160000000000082,0.1773315522824051,BCG_3AXIS,,,,artifact / likely_fetal / uncertain
OXFORD,451743,451743,OXFORD_451743_BCG_3AXIS_seg0001,OXFORD_451743_BCG_3AXIS_seg0001_c0002,39.894,42.51,2.616,0.183688053837905,BCG_3AXIS,,,,artifact / likely_fetal / uncertain
OXFORD,451421,451421,OXFORD_451421_BCG_3AXIS_seg0001,OXFORD_451421_BCG_3AXIS_seg0001_c0035,600.002,602.672,2.6700000000000728,0.316205683509942,BCG_3AXIS,,,,artifact / likely_fetal / uncertain
OXFORD,451993,451993,OXFORD_451993_BCG_3AXIS_seg0001,OXFORD_451993_BCG_3AXIS_seg0001_c0044,364.81,368.616,3.805999999999983,0.1954261943159924,BCG_3AXIS,,,,artifact / likely_fetal / uncertain
OXFORD,154100,154100,OXFORD_154100_BCG_3AXIS_seg0001,OXFORD_154100_BCG_3AXIS_seg0001_c0043,302.642,303.602,0.9599999999999796,0.1264002805634069,BCG_3AXIS,,,,artifact / likely_fetal / uncertain
OXFORD,451043,451043,OXFORD_451043_BCG_3AXIS_seg0001,OXFORD_451043_BCG_3AXIS_seg0001_c0084,887.992,889.88,1.8880000000000337,0.1667351705468936,BCG_3AXIS,,,,artifact / likely_fetal / uncertain
OXFORD,451377,451377,OXFORD_451377_BCG_3AXIS_seg0001,OXFORD_451377_BCG_3AXIS_seg0001_c0001,1.442,2.0,0.558,1.0251847778845955,BCG_3AXIS,,,,artifact / likely_fetal / uncertain
OXFORD,451625,451625,OXFORD_451625_BCG_3AXIS_seg0001,OXFORD_451625_BCG_3AXIS_seg0001_c0020,308.26,309.914,1.6539999999999964,0.1692637915267932,BCG_3AXIS,,,,artifact / likely_fetal / uncertain
OXFORD,451905,451905,OXFORD_451905_BCG_3AXIS_seg0001,OXFORD_451905_BCG_3AXIS_seg0001_c0032,382.186,383.838,1.6520000000000437,0.1781034475002983,BCG_3AXIS,,,,artifact / likely_fetal / uncertain
OXFORD,451043,451043,OXFORD_451043_BCG_3AXIS_seg0001,OXFORD_451043_BCG_3AXIS_seg0001_c0001,0.002,2.616,2.6140000000000003,15.949157553059065,BCG_3AXIS,,,,artifact / likely_fetal / uncertain
OXFORD,451377,451377,OXFORD_451377_BCG_3AXIS_seg0001,OXFORD_451377_BCG_3AXIS_seg0001_c0027,255.528,256.772,1.2439999999999998,0.1213268765383717,BCG_3AXIS,,,,artifact / likely_fetal / uncertain
OXFORD,451905,451905,OXFORD_451905_BCG_3AXIS_seg0001,OXFORD_451905_BCG_3AXIS_seg0001_c0047,488.458,489.518,1.0599999999999454,0.178710227047758,BCG_3AXIS,,,,artifact / likely_fetal / uncertain
OXFORD,451898,451898,OXFORD_451898_BCG_3AXIS_seg0001,OXFORD_451898_BCG_3AXIS_seg0001_c0021,887.892,895.48,7.587999999999965,0.243083078831987,BCG_3AXIS,,,,artifact / likely_fetal / uncertain
OXFORD,451280,451280,OXFORD_451280_BCG_3AXIS_seg0001,OXFORD_451280_BCG_3AXIS_seg0001_c0040,182.566,197.472,14.906000000000006,0.3586838483022675,BCG_3AXIS,,,,artifact / likely_fetal / uncertain
OXFORD,451905,451905,OXFORD_451905_BCG_3AXIS_seg0001,OXFORD_451905_BCG_3AXIS_seg0001_c0005,32.44,32.784,0.3440000000000012,0.144487935203031,BCG_3AXIS,,,,artifact / likely_fetal / uncertain
OXFORD,450569,450569,OXFORD_450569_BCG_3AXIS_seg0001,OXFORD_450569_BCG_3AXIS_seg0001_c0046,510.174,511.15,0.9759999999999992,0.1846829388271494,BCG_3AXIS,,,,artifact / likely_fetal / uncertain
OXFORD,450569,450569,OXFORD_450569_BCG_3AXIS_seg0001,OXFORD_450569_BCG_3AXIS_seg0001_c0075,865.744,866.93,1.1859999999999218,0.1236187065756756,BCG_3AXIS,,,,artifact / likely_fetal / uncertain
OXFORD,451625,451625,OXFORD_451625_BCG_3AXIS_seg0001,OXFORD_451625_BCG_3AXIS_seg0001_c0028,415.322,416.122,0.8000000000000114,0.1382576936448674,BCG_3AXIS,,,,artifact / likely_fetal / uncertain
OXFORD,450663,450663,OXFORD_450663_BCG_3AXIS_seg0001,OXFORD_450663_BCG_3AXIS_seg0001_c0005,121.024,124.218,3.1940000000000026,0.3568246194574279,BCG_3AXIS,,,,artifact / likely_fetal / uncertain
OXFORD,451993,451993,OXFORD_451993_BCG_3AXIS_seg0001,OXFORD_451993_BCG_3AXIS_seg0001_c0047,488.578,489.482,0.9040000000000532,0.1163682067143194,BCG_3AXIS,,,,artifact / likely_fetal / uncertain
